,groups,A,A1,B,C,Grupo reconocido,anio
Universidad Nacional De Colombia,1122,227,211,236,363,85,1972
Universidad De Antioquia,467,122,109,108,117,11,1972
Universidad Del Valle,338,87,63,60,109,19,1962
Universidad De Los Andes,292,66,100,24,73,29,1969
Universidad Pedagógica Y Tecnológica De Colombia,271,37,13,72,127,22,1984
Universidad Distrital Francisco José De Caldas,217,33,36,46,88,14,1991
Pontificia Universidad Javeriana,204,46,83,29,40,6,1976
Universidad Tecnológica De Pereira,201,39,21,47,77,17,1989
Universidad De Cartagena,190,20,23,44,71,32,1989
Universidad Libre De Colombia,189,48,10,51,61,19,1994
Universidad Industrial De Santander,171,43,37,42,32,17,1975
Universidad Del Atlántico,164,45,14,30,70,5,1994
Servicio Nacional De Aprendizaje Sena,160,2,0,18,119,21,1990
Corporación Universitaria Minuto De Dios - Uniminuto,148,14,4,47,74,9,1998
Universidad De Caldas,144,42,20,39,39,4,1992
Universidad Del Cauca,142,28,9,34,56,15,1976
Universidad Del Tolima,132,16,5,27,72,12,1987
Universidad Militar Nueva Granada,125,23,16,19,67,0,1994
Universidad De Pamplona,112,20,0,35,49,8,1987
Universidad Santo Tomas,110,34,14,38,22,2,1985
Universidad Del Magdalena,108,42,15,31,20,0,1994
Sin Nombre,106,36,10,21,27,12,1993
Universidad Cooperativa De Colombia,104,20,11,37,35,1,1996
Universidad Francisco De Paula Santander,99,33,2,21,38,5,1999
Universidad El Bosque,99,24,18,30,25,2,1994
Universidad Del Quindío,99,9,5,24,42,19,1990
Universidad De La Guajira,95,17,0,32,37,9,1995
Universidad Pedagógica Nacional,95,19,17,20,33,6,1978
Universidad Surcolombiana,94,14,5,22,48,5,1982
Universidad De La Sabana,92,24,28,20,20,0,1997
Universidad De Nariño,91,12,3,20,51,5,1979
Universidad Nacional Abierta Y A Distancia,91,22,0,34,30,5,1994
Colegio Mayor Nuestra Señora Del Rosario,90,8,40,12,24,6,1978
Universidad Popular Del Cesar,89,12,0,24,41,12,1992
Universidad Simón Bolívar,85,42,31,5,5,2,1980
Universidad De Cordoba,84,18,11,20,30,5,1997
Universidad Pontificia Bolivariana,83,26,30,16,11,0,1974
Universidad Eafit,79,25,31,12,8,3,1987
Universidad Santiago De Cali,78,43,14,14,4,3,1995
Corporacion Universidad De La Costa,78,17,30,8,20,3,1996
Universidad De La Salle,75,16,7,19,33,0,1992
Fundación Universidad Del Norte,74,8,51,4,9,2,1974
Universidad Externado De Colombia,73,20,12,21,18,2,1975
Universidad De San Buenaventura,71,22,15,16,15,3,1996
Universidad De Los Llanos,70,6,0,10,53,1,1994
Universidad Antonio Nariño,70,11,10,22,25,2,1981
Universidad De Cundinamarca,65,3,0,7,47,8,1992
Universidad Ces,60,4,18,13,24,1,1989
Universidad De Santander,56,14,10,16,15,1,1978
Universidad Autonoma Del Caribe,56,18,10,14,13,1,1994
Universidad De Medellin,56,16,21,9,10,0,2000
Universidad De Sucre,55,5,1,15,30,4,1994
Universidad De La Amazonia,54,8,2,8,28,8,1982
Fundacion Universitaria Del Area Andina,53,5,0,22,22,4,2002
Corporación Salud Un,52,3,6,12,30,1,1993
Universidad Tecnologica Del Choco Diego Luis Cordoba,51,2,0,2,34,13,1985
Universidad Manuela Beltran,50,26,7,10,5,2,1997
Universidad Jorge Tadeo Lozano,50,16,11,15,6,2,1990
Corporación Colombiana De Investigación Agropecuaria - Agrosavia,49,9,22,6,8,4,1994
Universidad Manuela Beltrán Seccional Bucaramanga,48,26,7,10,3,2,1997
Universidad Autonoma De Occidente,47,7,10,13,16,1,1993
Universidad De Boyacá,47,18,4,23,0,2,1990
Universidad Autonoma De Bucaramanga,47,16,3,14,12,2,1985
Universidad Sergio Arboleda,44,21,9,8,6,0,2000
Universidad Del Sinú - Elías Bechara Zainum,43,7,8,13,12,3,1999
Clínica Colsanitas S.A.,42,2,3,6,26,5,1997
Universidad Colegio Mayor De Cundinamarca,41,4,3,3,25,6,1999
Fundación Universitaria Sanitas,41,2,3,6,27,3,1997
Dirección Nacional De Escuelas - Policía Nacional De Colombia,40,4,0,4,22,10,2001
Unidades Tecnologicas De Santander,40,4,4,2,27,3,2003
Universidad Autónoma De Colombia,39,1,0,3,22,13,1994
Ejercito De Colombia-Direccion De Ciencia Y Tecnologia,39,4,0,6,24,5,1998
"Universidad Santo Tomás, Seccional Bucaramanga",38,21,1,8,8,0,1998
Politécnico Colombiano Jaime Isaza Cadavid,37,8,2,5,15,7,1998
Fundacion Santa Fe De Bogota,37,5,9,2,19,2,1998
Pontificia Universidad Javeriana - Puj - Sede Cali,37,7,18,6,6,0,1995
Universidad Catolica De Colombia,36,14,13,3,6,0,1995
Universitaria Agustiniana,36,8,0,4,24,0,2001
Universidad Metropolitana,36,15,0,9,12,0,2001
Hospital Militar Central,35,4,3,0,28,0,2001
Universidad Ecci,33,2,2,10,13,6,2005
Sociedad De Cirugía De Bogotá - Hospital De San José,33,2,0,24,7,0,1982
Universidad Mariana - Unimar,32,2,0,18,12,0,2004
Universidad Cesmag,32,3,0,2,22,5,2000
Fundación Universitaria De Ciencias De La Salud - Fucs,32,2,0,24,6,0,1982
Escuela Colombiana De Ingenieria Julio Garavito,31,11,1,6,13,0,1995
Universidad De Manizales - Umanizales,30,11,15,3,0,1,1998
Universidad Tecnológica De Bolívar,29,5,4,9,8,3,1998
Universidad Pontificia Bolivariana Seccional Bucaramanga,28,5,0,14,8,1,2000
Fundación Cardioinfantil-Instituto De Cardiología,28,0,16,1,10,1,1969
Universidad Autonoma De Manizales,28,16,3,7,2,0,1989
Corporacion Universitaria Rafael Nuñez,27,4,4,10,7,2,2001
Institucion Prestadora De Servicios De Salud Universidad De Antioquia I.P.S. Universitaria,27,3,8,2,12,2,1980
Instituto Tecnológico Metropolitano De Medellín,27,7,12,4,2,2,1999
Fundación Hospital Infantil Universitario De San José,27,2,0,21,4,0,2005
Universidad De Ciencias Aplicadas Y Ambientales U.D.C.A,26,6,6,7,7,0,1990
Hospital Universitario San Ignacio,26,0,11,4,11,0,1980
Instituto Nacional De Salud,26,6,9,2,6,3,1963
Unidad Central Del Valle Del Cauca,25,2,0,4,17,2,2004
Universidad Icesi,24,2,15,3,2,2,1985
Universidad Francisco De Paula Santander Ocaña,24,7,0,8,9,0,2005
Escuela Superior De Administración Pública,23,2,0,2,17,2,2001
Corporacion Unificada De Educacion Superior Cun,23,5,0,5,13,0,2000
Universidad Ean,23,10,5,8,0,0,1996
Universidad Autónoma Latinoamericana - Unaula,23,6,0,10,7,0,2004
Hospital Universitario De La Samaritana - H.U.S.,22,2,0,2,16,2,1993
Universidad Católica De Manizales,22,8,6,6,2,0,1997
Corporación Universitaria Americana,22,15,0,0,7,0,2005
Universidad De Ibagué,22,9,7,2,4,0,1995
Fundación Universitaria Juan N. Corpas,22,5,0,6,8,3,1997
Universidad Catolica Luis Amigo,21,13,1,4,3,0,1995
Fuerza Aérea Colombiana,21,2,0,4,13,2,2000
Universidad Catolica De Oriente,20,7,0,10,3,0,1996
Fundación Universitaria De San Gil - Unisangil,19,0,0,10,7,2,2005
Universidad Central,19,4,1,8,4,2,1994
Fundación Tecnológica Antonio De Arévalo - Tecnar,19,8,0,5,3,3,1995
Fundacion Cardiovascular De Colombia Floridablanca,19,10,3,0,4,2,1999
Fundación Universitaria Fcv,19,10,3,0,4,2,1999
Fundacion Cardiovascular De Colombia Zona Franca Sas,19,10,3,0,4,2,1999
Instituto De Investigaciones Marinas Y Costeras Jose Benito Vives De Andreis Invemar,19,2,9,2,4,2,1970
Universidad Santo Tomas Seccional Tunja,19,2,0,11,2,4,2003
Fundacion Universitaria De Popayan,18,5,0,8,5,0,2003
Fundación Universitaria Agraria De Colombia,18,1,0,12,5,0,1996
Centro De Educacion Militar,18,0,0,2,12,4,1998
Universidad La Gran Colombia,18,1,0,8,9,0,2006
Escuela Nacional Del Deporte,18,2,0,2,14,0,2002
Hospital Universitario Del Valle Evaristo García E.S.E,18,2,2,0,14,0,1995
Fundacion Universidad Incca De Colombia,18,2,0,0,10,6,1997
Corporación Universitaria Del Caribe - Cecar,17,8,4,5,0,0,2000
Corporación Universitaria Autonoma De Nariño,17,0,0,3,12,2,2008
Servicio Geologico Colombiano,17,2,2,0,12,1,1986
Fundacion Universitaria San Martin,17,2,0,3,11,1,2004
Universidad Eia,17,6,2,7,2,0,1995
Fundación Universitaria Los Libertadores,17,10,0,6,1,0,1994
Corporacion Universitaria Lasallista,17,3,0,2,12,0,2002
Tecnologico De Antioquia Institucion Universitaria,16,8,2,6,0,0,2003
Universidad Del Pacifico,16,2,0,2,8,4,1999
Institución Universitaria Politécnico Grancolombiano,16,2,0,8,5,1,2004
Instituto Universitario De La Paz - Unipaz,16,0,0,9,7,0,2001
Corporación Para Investigaciones Biológicas,15,1,7,4,3,0,1978
Universidad Santo Tomas Villavicencio,15,3,0,8,2,2,2012
Universidad La Gran Colombia Seccional Armenia,15,0,0,10,5,0,2004
Corporacion Escuela De Artes Y Letras - Institución Universitaria,15,0,0,2,8,5,2005
Universidad Catolica De Pereira,15,8,3,2,2,0,1993
Escuela De Postgrados De La Fuerza Aérea Colombiana,15,2,0,2,8,3,2004
Centro Internacional De Agricultura Tropical,15,4,6,0,1,4,1995
Corporación Universidad Piloto De Colombia,15,6,4,3,0,2,2002
Hospital San Jose,15,0,0,13,2,0,1982
Instituto Amazónico De Investigaciones Científicas - Sinchi,15,6,1,4,4,0,1994
Instituto Nacional De Cancerologia Ese,14,0,1,2,9,2,2000
Corporación Universitaria Autónoma Del Cauca,14,2,0,4,8,0,2009
Corporación Universitaria Iberoamericana,14,4,0,8,2,0,2001
Clinica Colsánitas - Fundación Universitaria Sanitas,14,0,1,2,9,2,2010
Instituto Colombiano Del Petróleo,14,3,2,1,6,2,2003
Fundacion Universitaria San Mateo Educacion Superior,14,8,0,0,6,0,2006
Institución Universitaria Antonio José Camacho,14,0,0,6,6,2,2007
Corporación Universitaria Remington,13,6,2,2,3,0,2005
Corporación Universidad De Investigación Y Desarrollo,13,1,0,5,7,0,2003
E.S.E. Hospital Universitario Del Caribe,13,0,2,6,3,2,1996
Fundación Universitaria Juan De Castellanos,13,1,0,5,7,0,2005
Corporacion Universitaria Del Meta,13,0,0,7,5,1,2005
Universidad Pontificia Bolivariana Seccional Montería,13,1,0,9,3,0,2004
Corporación Instituto Latinoamericano De Altos Estudios,12,10,2,0,0,0,1998
Hospital Universitario Hernando Moncaleano Perdomo,12,0,4,2,4,2,1996
Fundación Hospital De La Misericordia,12,0,1,3,8,0,2003
Fundación Centro Internacional De Educación Y Desarrollo Humano-Cinde,12,3,4,0,5,0,2002
Centro De Investigación En Ciencias Y Recursos Geoagroambientales,12,2,2,5,1,2,2000
Corporación Centro De Investigación En Palma De Aceite,12,2,2,2,6,0,1991
Fundacion Universitaria Monserrate,12,0,0,2,6,4,2003
Corporación Universitaria Comfacauca - Unicomfacauca,11,0,0,7,2,2,2005
Fundación Universitaria Colombo Internacional,11,0,0,2,7,2,2003
Instituto Tolimense De Formación Técnica Profesional - Itfip,11,2,0,0,2,7,2008
Fundación Universidad De América,11,0,0,0,9,2,2003
Fundación Universitaria Autónoma De Las Américas,11,0,0,2,9,0,2007
Corporacion Universitaria Republicana,11,0,0,11,0,0,2004
Fundación Universitaria Tecnologico Comfenalco Cartagena,11,3,4,2,2,0,2001
Fundacion Universitaria Navarra - Uninavarra,10,1,0,0,9,0,2010
Ministerio De Defensa Nacional - Mindefensa,10,2,0,0,8,0,2007
Corporación Universitaria Santa Rosa De Cabal - Unisarc,10,2,0,0,8,0,2002
Institucion Universitaria Itsa,10,8,0,0,2,0,2003
Institución Universitaria Colegios De Colombia - Unicoc Antes Colegio Odontológico Colombiano,10,0,0,7,3,0,1998
Institución Universitaria Colegio Mayor De Antioquia,10,2,2,6,0,0,1987
Fundacion Catolica Lumen Gentium,10,2,0,0,6,2,2011
Hospital Infantil Napoleón Franco Pareja,10,0,2,0,0,8,1995
Colegio Mayor Del Cauca - Institución Universitaria,10,0,0,4,6,0,2006
Asociación De Graduados De Enfermeria,10,2,0,0,8,0,2001
Secretaría Distrital De Salud De Bogotá,10,4,2,0,2,2,2008
Clínica Ces,10,0,0,5,5,0,1991
U. Católica Silva Hernández,10,1,3,3,3,0,1999
Federación Nacional De Cafeteros De Colombia - Centro Nacional De Investigaciones De Café Cenicafé,10,0,2,0,8,0,1989
Corporación Universitaria Empresarial Alexander Von Humboldt,9,0,0,1,7,1,2006
Fundacion Universitaria Horizonte,9,0,0,0,7,2,2009
Arkebios Sas,9,2,5,2,0,0,1985
Corporación Universitaria Reformada,9,0,0,3,6,0,2009
Centro Nacional De Investigaciones Para La Agroindustrialización Especies,9,2,5,2,0,0,1991
Institución Universitaria De Envigado,8,0,0,4,4,0,2001
Instituto Departamental De Bellas Artes,8,0,0,0,7,1,2005
Fundación Universitaria Católica Del Norte,8,0,0,2,6,0,2001
Corporacion Universitaria Del Huila,8,0,0,6,2,0,2008
Instituto Colombiano De Antropología E Historia - Icanh,8,0,0,6,2,0,1983
Corporación Universitaria De Ciencia Y Desarrollo - Uniciencia,8,0,0,0,7,1,2004
Escuela Superior De Guerra,8,4,2,0,2,0,2009
Empresa Social Del Estado Hospital Universitario De Santander,8,0,1,0,7,0,1999
Corporación Universitaria Adventista,8,1,1,6,0,0,2007
Escuela De Administracion Y Mercadotecnia Del Quindio,8,0,0,0,4,4,2007
Corporación Educativa Itae,8,3,0,2,1,2,2007
"Escuela Naval De Cadetes ""Almirante Padilla""",8,8,0,0,0,0,2000
Institución Universitaria Pascual Bravo,8,3,3,2,0,0,2001
Fundacion Universitaria Cafam,8,0,0,2,6,0,2010
Clinica De La Costa,8,2,4,2,0,0,1980
Clínica Universidad De La Sabana,8,4,0,0,4,0,2001
"Departamento Administrativo De Ciencia, Tecnología E Innovación - Colciencias",7,1,2,2,2,0,1998
Fundacion Universitaria Konrad Lorenz,7,0,7,0,0,0,1993
Instituto Geografico Agustin Codazzi,7,0,0,4,2,1,1988
Escuela Militar De Aviación Marco Fidel Suarez Emavi,7,3,0,2,2,0,2004
Corporación Universitaria Antonio Jose De Sucre,7,0,0,3,4,0,2012
Corporacion Universitaria Antonio Jose De Sucre,7,0,0,3,4,0,2012
Corporación Universitaria Unitec,7,0,0,2,5,0,2007
Instituto Para El Desarrollo Sostenible,7,2,0,3,0,2,2002
Fundación Universitaria Panamericana,7,0,0,2,3,2,1997
Ecopetrol S. A.,7,1,0,0,4,2,2009
Corporación Universitaria Latinoamericana,7,1,4,1,1,0,2004
Ejército De Colombia,7,2,0,0,3,2,2007
Corporación Universitaria Centro Superior,7,2,0,3,2,0,2005
Instituto De Investigaciones Ambientales Del Pacifico,7,2,0,1,2,2,2003
Instituto Nacional De Medicina Legal Y Ciencias Forenses,7,2,0,0,5,0,2003
Clínica Universitaria Bolivariana - Universidad Pontificia Bolivariana,7,0,2,0,5,0,1998
Fundación Universitaria Maria Cano,7,3,0,1,3,0,2004
Cámara De Comercio De Santa Marta,6,4,2,0,0,0,2006
Corporación Corpogen,6,2,0,0,2,2,1995
Fundacion C-Star Science Tehnology Advanced Research,6,0,0,1,3,2,2008
Centro Medico Imbanaco De Cali S.A.,6,0,2,0,2,2,1999
Fundacion Hospital San Vicente De Paul - Rionegro,6,0,2,4,0,0,2006
Corporacion Universitaria Cenda,6,0,0,0,4,2,1998
Corporación Universitaria Empresarial De Salamanca,6,2,0,0,2,2,2002
Cámara De Comercio De Santa Marta Para El Magdlena,6,4,2,0,0,0,2006
Escuela Militar De Cadetes General José María Córdova,6,0,0,4,2,0,2008
Fundacion Abood Shaio En Restructuracion,6,1,0,1,4,0,1994
E.S.E Hospital San Rafael De Tunja,6,2,0,0,4,0,2001
Centro De Alta Formacion Educativa,6,0,0,0,2,4,2006
Institución Universitaria Bellas Artes Y Ciencias De Bolívar,6,0,0,1,3,2,2012
Alcaldía Mayor De Bogotá,6,2,0,0,4,0,2007
Fundación Salud Para El Trópico,6,0,4,2,0,0,2003
Fundacion De Educacion Superior San Jose,6,0,0,0,4,2,2008
Instituto Colombiano De Bienestar Familiar,6,2,0,2,2,0,2001
Universidad Nacional Autónoma De México,6,6,0,0,0,0,1986
Centro De Investigaciones Oceanográficas E Hidrográficas - Cioh,6,4,0,0,2,0,1975
Fundación Jardin Botánico Joaquín Antonio Uribe,6,0,0,2,4,0,2000
Fundación Universitaria San Alfonso,6,0,0,0,6,0,2006
Institución Universitaria Esumer,6,0,0,6,0,0,2005
Institucion Universitaria Escolme,6,2,0,2,2,0,2009
Fundación Hospitalaria San Vicente De Paúl,6,0,2,4,0,0,2006
Fundacion Tecnologica Autonoma Del Pacifico,5,0,0,0,3,2,2008
Colegio Mayor De Bolivar,5,0,0,3,2,0,2004
Integra S.A.,5,0,3,0,0,2,2000
Universidad Complutense De Madrid,5,1,0,0,4,0,1984
Hospital Pablo Tobón Uribe,5,0,1,0,2,2,2003
Fundación De Estudios Superiores Monseñor Abraham Escudero Montoya,5,0,0,0,0,5,2014
Instituto Tecnico Agricola,5,0,0,2,3,0,2011
Corporación Universitaria De Sabaneta,5,0,0,1,4,0,2009
Fundación Oftalmológica De Santander,5,0,2,2,1,0,2005
Ese Clinica De Maternidad Rafael Calvo C,5,1,0,4,0,0,2004
Universidad Cooperativa De Colombia - Campus Neiva,5,2,0,2,1,0,2004
Fundacion Universitaria Unitropico Sede Yopal,5,0,0,0,3,2,2012
Fundación General De Apoyo A La Universidad Del Valle,5,4,0,0,1,0,1994
Institución Universitaria Salazar Y Herrera,5,0,0,1,4,0,2006
Centro Internacional De Fisica - Cif,5,2,0,0,0,3,1994
Escuela De Suboficiales De La Fac Esufa,5,0,0,0,5,0,2004
Fundación Universitaria Ceipa,5,2,1,0,2,0,2001
Universidad Pontificia Bolivariana - Sede Palmira,5,1,0,2,0,2,2006
Instituto Para La Investigación Educativa Y El Desarrollo Pedagógico,5,0,0,0,3,2,2009
"Escuela Naval De Suboficiales Arc ""Barranquilla""",5,0,0,0,5,0,2010
Corporacion Politecnico De La Costa Atlantica,5,2,0,0,3,0,2009
Instituto Nacional De Formación Técnica Profesional Humberto Velásquez García,5,1,0,2,2,0,2013
Instituto Caro Y Cuervo,5,0,0,3,2,0,2000
Observatorio Del Caribe Colombiano,5,0,0,2,3,0,1998
Fundación Universitaria Comfamiliar Risaralda,4,0,2,0,2,0,2012
Fundacion Valle Del Lili,4,0,3,1,0,0,1997
Fundacion De Estudios Superiores Comfanorte,4,0,0,3,1,0,2009
Playascol Corporation E.U.,4,2,2,0,0,0,2005
Instituto Tecnológico Del Putumayo - Itp,4,0,0,0,2,2,1988
Corporacion Tecnologica Industrial Colombiana,4,0,0,0,4,0,2009
Fundacion Centro De Investigacion Y Educacion Popular C I N E P,4,0,4,0,0,0,1972
Corporación Para La Investigación De La Corrosión,4,2,0,0,2,0,1994
Gobernación Del Cesar,4,0,0,0,4,0,2008
Escuela De Inteligencia Y Contrainteligencia Bg. Ricardo Charry Solano,4,0,0,2,2,0,2010
Dr-Innova Sas,4,0,0,0,2,2,2017
Liga Colombiana Contra La Epilepsia - Capitulo Cordoba,4,0,0,0,2,2,2017
Instituto Roosevelt,4,0,0,0,4,0,2000
St Mary'S Medical Group,4,0,0,0,2,2,2017
Corporación Región,4,0,0,2,0,2,1989
Instituto Colombiano De Medicina Tropical - Universidad Ces,4,0,2,0,2,0,1989
Core Biotecnología & Bioingeniería S.A.,4,0,4,0,0,0,2001
Veritas Aid,4,0,0,0,2,2,2008
Fundacion Universitaria Colombo Germana,4,0,0,2,2,0,2014
Corporación Universitaria De Asturias,4,2,0,2,0,0,2014
Corporación Huiltur,4,0,0,4,0,0,2012
Fundación Para El Desarrollo Del Caribe - Fundesarrollo,4,2,0,0,2,0,1996
Medicina Computacional Sas,4,0,0,0,4,0,2011
Instituto Nacional De Metrologia - Inm,4,2,0,0,2,0,2013
Centro De Reumatología Y Ortopedia,4,0,0,0,4,0,2002
Escuela Latinoamericana De Ingenieros Tecnólogos Y Empresarios,4,2,0,1,1,0,2011
Fundacion Universitaria Internacional De La Rioja,4,0,2,0,2,0,1999
Empresa Social Del Estado Centro Dermatologico Federico Lleras Acosta,4,4,0,0,0,0,2000
Fundacion Innovacion Y Ciencia Por Colombia,4,0,0,2,0,2,2009
Fundación Javeriana De Servicios Médico-Odontológicos - Javesalud,4,0,0,2,2,0,2006
Project Management Office S.A.,4,0,0,0,0,4,2015
Universitaria Virtual Internacional,4,0,0,0,2,2,2019
Empresa Social Del Estado Hospital Universitario San Jorge,4,0,0,0,4,0,2012
Corporación Para El Desarrollo De La Biotecnología - Biotec,4,0,0,2,2,0,1996
Universidad De Barcelona,4,4,0,0,0,0,1997
Ejercito Nacional De Colombia - Dirección De Sanidad,4,2,0,0,2,0,2007
Sociedad Colombiana De Anestesiología Y Reanimación S.C.A.R.E,4,0,0,0,4,0,2000
"Fundacion Para La Investigacion, Desarrollo E Innovacion",4,0,2,0,0,2,2004
Escuela De Comunicaciones Militares,4,0,0,0,4,0,2007
Alzak Foundation,4,0,2,0,0,2,1997
Corporación De Alta Tecnología Para La Defensa,4,0,0,0,4,0,2013
Ministerio De Salud Pública - Minsalud,4,2,0,0,0,2,2012
Hospital Departamental De Villavicencio,4,0,0,2,0,2,2004
Asociacion Colombiana De Especialistas En Medicina De Urgencias Y Emergencias,4,0,0,0,4,0,2013
Fundación Neumológica Colombiana,4,2,2,0,0,0,1995
Fundacion Salud De Los Andes,4,0,0,2,2,0,2006
Centro De Investigación De La Caña De Azúcar De Colombia,4,0,2,0,2,0,1977
Clinica Medilaser S.A,4,1,0,0,3,0,2010
Universidad Santo Tomás - Medellín,4,0,0,1,3,0,2008
Clinica Juan N Corpas,4,0,0,0,4,0,2014
Asociación Atem Health Care,4,0,2,2,0,0,2001
Colegio De Estudios Superiores De Administracion - Cesa,4,0,2,0,2,0,1999
Fundación Universitaria Empresarial De La Cámara De Comercio De Bogotá Uniempresarial,4,0,0,0,4,0,2005
Fundación Instituto De Inmunología De Colombia,4,0,2,0,0,2,1990
Unimeq-Orl,4,0,0,0,4,0,1998
"Corporación Vidarium, Centro De Investigación En Nutrición Salud Y Bienestar",4,2,2,0,0,0,1999
Corporación Artística Polymnia,4,0,0,0,2,2,2009
Organizacion Latinoamericana Para El Fomento De La Investigacion En Salud,4,0,0,0,0,4,2010
Gobernación De Cundinamarca,4,0,0,0,0,4,2017
Corporación Centro De Desarrollo Tecnológico Piscícola Surcolombiano,4,0,0,2,0,2,2007
Compañia Campo Colombia,4,0,0,0,2,2,2008
Fundación Guardaguas De La Bahía Y/O Cartagena Baykeeper,4,2,0,0,2,0,2005
T Y C Inversiones Sas,4,2,0,2,0,0,2005
Fundación Ciudad De Cali Para La Educación Y El Emprendimiento,4,2,0,0,2,0,2003
Escuela Tecnológica Instituto Técnico Central,4,0,0,0,4,0,2007
Clínica Universitaria Teletón,3,0,0,0,3,0,2005
Asociación Colombiana De Nefrologia E Hipertension Arterial,3,1,0,2,0,0,2007
Colegio Integrado Nacional Oriente De Caldas,3,0,0,0,3,0,1996
Universidad De Murcia,3,0,1,0,2,0,2001
Caja De Compensación Familiar De Risaralda,3,1,2,0,0,0,1997
Universidad De Sao Paulo,3,0,0,1,2,0,2001
Empresa Colombiana De Productos Veterinarios,3,0,0,3,0,0,2014
Sumicol Sas,3,0,0,0,3,0,2008
Fundación Instituto Neurológico De Colombia,3,1,0,0,2,0,2006
Centro De Aplicaciones Fisicoquímicas En El Entorno,3,1,0,0,2,0,1996
Corporación Mavi,3,0,0,1,0,2,2012
Instituto Superior De Educacion Rural. Iser,3,0,0,1,2,0,2006
Del Laboratorio Al Campo,3,0,0,0,2,1,2017
C.A.M.G,3,1,0,0,2,0,2011
Corporación Centro De Ciencia Y Tecnología De Antioquia,3,0,0,0,3,0,1996
Corporación Para La Investigación En Salud Tropical,3,0,2,1,0,0,2006
Team Ingenieria De Conocimiento Ltda,3,0,0,0,3,0,2001
Gobernación Del Meta - Secretaria De Agricultura,3,0,0,0,0,3,2016
Fundación Escuela Tecnológica De Neiva Jesús Oviedo Pérez,3,0,0,0,1,2,2016
Research For Talent,3,0,0,0,3,0,2010
Administrative Management Consultants Sas,3,0,0,1,2,0,2013
"Cor. Apoyo Cen. Inv. Y Estudios Avanzados Psicología, Cognición Y Cultura",3,3,0,0,0,0,1997
Universidad De Colima,3,0,0,0,3,0,1998
Secretaria Departamental De Salud Del Valle Del Cauca,3,0,0,1,2,0,2004
Fundación Universitaria Cervantes San Agustín,3,1,0,0,2,0,2004
Instituto Tecnologico De Bogota,3,0,0,2,0,1,2007
Corporación Tecnológica Indoamerica,3,0,0,0,3,0,2015
Alcaldía Municipal De Santiago De Cali,3,2,0,0,1,0,2006
Gestión Y Desarrollo De Tecnología Biomédica Ltda,3,0,0,1,2,0,2006
Institución Univesitaria Latina,3,0,0,0,0,3,2010
Fundacion Academia De Dibujo Profesional,3,0,0,0,3,0,2007
Fundacion Centro Colombiano De Estudios Profesionales,3,0,0,0,3,0,2011
Grupo Labservis Ltda,3,0,1,2,0,0,2001
Politecnico Internacional,3,0,0,0,3,0,2016
Fundacion Social Salud Holistica,3,0,0,0,3,0,2001
Instituto Distrital De Ciencia Biotecnologia E Innovacion En Salud,3,0,2,0,0,1,2009
Universidad Sur Colombiana De Neiva,3,0,0,0,3,0,2010
Institución Universitaria Marco Fidel Suárez,3,1,0,0,2,0,2013
Hospital Universitario De Cartagena,3,1,0,2,0,0,2007
Secretaría De Salud Del Valle,3,0,0,1,2,0,2004
Escuela De Formacion De Infanteria De Marina.,3,2,0,0,1,0,2008
Fundación Trópico Vivo,3,0,0,2,0,1,2003
Insight Research Group Sas,3,0,0,0,3,0,2001
Biosys Ltda,3,0,1,2,0,0,1992
Centro De Investigacion E Invencion En Ciencias E Ingenierias,3,1,0,0,0,2,2000
Escuela Colombiana De Rehabilitación - E.C.R.,3,1,0,0,2,0,2010
Hospital Universitario San Jose Popayan,3,0,0,0,3,0,2016
Centro De Investigación Y Desarrollo Tecnológico De La Industria Electro Electrónica Y Tic,3,0,1,0,2,0,1996
Laboratorio Clínico Hematológico S.A.,3,0,2,0,0,1,2006
Sub Red Integrada De Servicios De Salud Sur Ese,3,1,0,0,2,0,2011
Universidad De Valencia,3,1,0,0,2,0,2002
Tecknowledge,3,0,0,0,3,0,1990
Sociedad Colombiana De Cirugia Ortopedica Y Traumatologia,3,0,0,0,3,0,2007
Asociacion Red Distrital De Docentes Investigadores - Reddi,3,0,0,0,0,3,2018
Corporación Centro Internacional De Entrenamiento E Investigaciones Medicas - Cideim,3,0,3,0,0,0,1990
Fundación Centro De Investigación Y Gestión Del Conocimiento,3,1,0,2,0,0,2004
Instituto De Investigación De Recursos Biológicos Alexander Von Humboldt,3,0,3,0,0,0,1995
Centro Latinoamericano Inv Y Entrenamiento Cirugía De Mínima Invasión,3,0,0,0,3,0,2007
Instituto Nacional De Formacion Tecnica Profesional. Sede San Andres,3,2,0,0,1,0,2004
Centro De Desarrollo Tecnológico De Asistencia Técnica A La Industria - Sena - Astin,3,0,0,0,3,0,2004
Fundacion Universitaria Claretiana,3,0,0,0,1,2,2007
Esenttia S.A.,3,0,0,1,0,2,2015
Celbit Ltda,3,0,0,0,3,0,2006
Misión Verde Amazonia: Corporación Para El Desarrollo Sostenible Y Mitigación De Cambio Climático,3,0,0,1,0,2,2009
Lv Consultores,3,0,0,0,3,0,2014
Thinking,3,0,0,0,3,0,2014
Instituto Nacional De Biodiversidad,2,0,0,2,0,0,2008
Centro De Investigaciones Microbiológicas Del Cesar - Cimce,2,0,0,0,0,2,2015
Instituto Para La Investigación Y Preservación Del Patrimonio Cultural Y Natural Del Valle Del Cauca,2,0,0,0,1,1,1999
Instituto De Epilepsia Y Parkinson Del Eje Cafetero S.A.,2,0,0,0,0,2,2012
Corporación Oikos,2,0,0,0,0,2,2012
Seën Technology Sas,2,0,0,0,0,2,2012
Asociación Colombiana De Las Micro Pequeñas Y Medianas Empresas ¿ Acopi,2,0,0,0,2,0,2015
Centro Regional Para La Investigación Y Atención En Salud,2,0,0,0,2,0,2014
Abya-Ayala,2,0,0,0,2,0,2014
Fundación Coomeva,2,2,0,0,0,0,2006
Centro De Investigación Y Atención En Salud Del Magdalena Medio,2,0,0,0,0,2,2012
Clínica Oftalmológica De Antioquia,2,0,0,0,0,2,2009
Instituto Del Sistema Nervioso De Risaralda Sas,2,0,0,2,0,0,2017
Instituto Nacional De Investigación En Oftamológia Ltda.,2,0,0,0,0,2,2009
Biotriskel Sas,2,0,0,0,0,2,2016
Hospital Simón Bolívar Iii Nivel E.S.E.,2,2,0,0,0,0,2014
Subred Integrada De Servicios De Salud Norte E.S.E.,2,2,0,0,0,0,2014
Fundación Universitaria Seminario Teológico Bautista Internacional,2,0,0,0,2,0,2009
Clínica De Oftalmología De Cali S.A.,2,0,0,0,2,0,2002
Ecosocial Consultores Sas,2,0,0,0,0,2,2020
Corporación Para La Educación Y Las Tics,2,0,0,0,0,2,2002
Escuela Colombiana De Medicina,2,0,0,2,0,0,2010
Universidad Dr. Rafael Belloso Chacín,2,0,0,0,2,0,2013
Clínica Respiratoria Y De Alergias,2,0,0,0,0,2,1995
Fundación Centro De Primates,2,0,0,0,0,2,2000
Centro Internacional De Vacunas,2,0,0,0,0,2,2000
Corporación De Estudios Tecnológicos Del Norte Del Valle,2,0,0,0,2,0,2008
Trustem S.A.S - Trustem,2,0,0,0,0,2,2016
Fundación Cimb,2,0,0,0,0,2,2011
Nascere Sas Ips,2,0,0,0,2,0,2017
Centro De Investigaciones Biomédicas Avanzadas,2,2,0,0,0,0,1996
Corporacion Niñez Y Conocimiento,2,0,0,0,2,0,1988
Fundación Centro Medico Del Norte,2,2,0,0,0,0,2007
Centro Internacional Para Prueba De Vacunas Y Medicamentos Antimalaricos.,2,0,2,0,0,0,1997
Fundación Neuroconnectus,2,0,0,0,2,0,2017
Rehabilitar Cúcuta Ips,2,0,0,0,0,2,2014
Oncologos Del Occidente S A,2,0,0,0,2,0,2006
Clinica San Francisco S.A.,2,2,0,0,0,0,2006
Fundacion Oncologos De Occidente,2,0,0,0,2,0,2006
Clinica Meta,2,0,0,2,0,0,2004
Secretaria De Salud De Boyacá,2,0,0,0,2,0,2014
Centro De Investigaciones Educativas Y Pedagógicas De La Asociación Sindical De Maestros Del Municipio De Medellín,2,2,0,0,0,0,2005
Centro De Innovación E Investigación En Metabolismo Y Diabetes S.A.S.,2,0,0,0,0,2,2019
Corporación Hospitalaria Juan Ciudad,2,0,0,0,2,0,2011
Instituto De Evaluación Tecnologica En Salud,2,2,0,0,0,0,2014
Unicolciencias,2,2,0,0,0,0,1996
Hospital De Villavicencio,2,0,0,2,0,0,2004
Alcaldía De Medellin,2,0,0,0,2,0,1984
Escuela Superior De Oftalmología Del Instituto Barraquer De Améria,2,0,0,0,0,2,2012
Loughborough University,2,2,0,0,0,0,1993
Secretaria De Salud Municipal De Ibague,2,0,0,0,0,2,2016
Instituto Barraquer De America,2,0,0,0,0,2,2012
Corporación Clínica Universidad Cooperativa De Colombia,2,0,0,2,0,0,2004
Asociación Eslabón Cultural,2,0,0,0,0,2,2007
Instituto De Cancerologia S.A,2,0,2,0,0,0,2010
Biotica Consultores Ltda,2,0,0,0,0,2,2016
Fundacion Del Caribe Para La Investigacion Biomedica,2,0,2,0,0,0,2001
Defensoria Del Pueblo,2,2,0,0,0,0,2001
Corporación Nuevos Rumbos,2,0,2,0,0,0,2002
Sinergias - Alianzas Estratégicas Para La Salud Y El Desarrollo Social,2,0,0,0,2,0,2011
Asociación Colombiana De Neurocirugía,2,0,0,0,2,0,2001
Bionanotech Sas,2,0,0,0,2,0,2018
Hospital Universitario De Sincelejo Ese,2,0,0,0,2,0,2011
Instituto Neumologico Del Oriente S.A.,2,0,0,0,2,0,2016
Soluciones Clínico - Quirúrgicas E Investigativas S.A.S,2,0,0,0,0,2,2016
Agremiacion De Gineco-Obstetras De Cartagena Y Bolivar,2,0,0,2,0,0,2007
Corporación Sociedad Colombiana De Pedagogia - Socolpe,2,0,0,2,0,0,2007
Gestion Salud,2,0,0,2,0,0,2007
"Asociación De Profesionales En Administración Pública, Municipal Y Regional - Aspapmur",2,0,0,0,2,0,2016
SL,2,0,2,0,0,0,2015
Fundarritmia - Fundación Cardiovascular,2,0,0,0,0,2,2015
Fundación Grupo De Investigación En Cuidados Intensivos Y Obstetricia-Gricio-,2,0,0,2,0,0,2007
Neuroeconomix Sas,2,0,2,0,0,0,2015
Soluciones Integrales Para La Investigacion Y La Educacion En Salud - Siies Consultores Sas,2,0,0,0,0,2,2013
Scare/Fepasde,2,0,0,2,0,0,2008
Colombiana De Trasplantes,2,2,0,0,0,0,2005
Rts Sas,2,0,0,0,0,2,2012
Preventive Care Ltda,2,2,0,0,0,0,2001
Administradora Country S.A- Centro De Investigaciones,2,0,0,0,2,0,2001
Universidad De La Plata,2,0,2,0,0,0,1998
Hemato Oncólogos S.A.,2,0,0,0,0,2,2012
Sociedad Colombiana De Cardiologia Y Cirugia Cardiovascular,2,0,2,0,0,0,2006
Sociedad Colombiana De Cardiología,2,0,2,0,0,0,2006
Fundacion Tomodachi,2,2,0,0,0,0,1996
Scientometrics E Researching Consulting Group,2,0,0,0,2,0,2015
Hospital Central De La Policia,2,0,0,0,0,2,2005
Asociación Colombiana De Microscopía,2,2,0,0,0,0,2011
Fundacion Investiga Para Un Desarrollo Sostenible,2,0,0,0,2,0,2013
Testlab Laboratorio Análisis Alimentos Y Aguas S.A.S,2,0,0,0,2,0,2017
Testmol,2,0,0,0,2,0,2017
Colegio Gimnasio Vermont S.A,2,0,0,0,0,2,2019
Fundación Humedales,2,0,0,0,0,2,2000
Instituto Tobias Emanuel,2,0,0,2,0,0,2013
Bioparque Ukumarí - Sociedad Parque Temático De Flora Y Fauna De Pereira Sas,2,0,0,0,2,0,2016
Centro De Microscopía Y Microanálisis,2,2,0,0,0,0,2011
Corporacion Col-Tree,2,0,0,2,0,0,2010
Editic Sas,2,2,0,0,0,0,2011
Centro De Investigaciones Paleontológicas,2,0,0,0,2,0,2009
Biohidroingenieria Sas,2,0,0,0,0,2,2015
Asociacion De Geografos Del Caribe Colombiano,2,0,0,0,1,1,2007
Instituto De Investigaciones De La Orinoquia Colombiana,2,2,0,0,0,0,2007
J. Campo S. En C.,2,0,0,0,2,0,2002
Universidad De Guadalajara,2,0,0,0,2,0,2002
Corporación Gemci,2,0,0,2,0,0,1999
Fundación Con Vida,2,0,0,2,0,0,2010
Institucion Universitaria Colombo Americana,2,0,0,2,0,0,2007
Agrotel S.A.S,2,0,0,0,2,0,1998
Independiente,2,0,0,0,2,0,2013
Lci Fundación Tecnológica,2,0,0,0,2,0,2016
I.E.D. El Japon,2,2,0,0,0,0,2004
Tecsol Ltda,2,0,0,0,2,0,1998
Corporación Para La Energía Y El Medio Ambiente,2,0,0,0,2,0,1998
Centro De Desarrollo Industrial,2,0,0,0,2,0,1998
"Soluciones En Energía Renovable, Surfactantes Y Alimentos S.A.S.",2,0,0,0,2,0,1998
University Of Leicester,2,2,0,0,0,0,1999
Asociacion Fundacion De Investigacion Microbiomas,2,0,0,0,0,2,2010
Corporación Autónoma Regional De Risaralda - Carder,2,0,0,0,0,2,2016
Fundación Natura Colombia,2,0,0,0,2,0,1983
Universidad Carlos Iii De Madrid,2,0,0,0,2,0,2012
Secretaría General Del Municipio De Medellín,2,0,0,0,2,0,2010
Universidad De Santa Rosa De Cabal - Unisarc,2,2,0,0,0,0,2007
Fundación Jardín Botánico 'Guillermo Piñeres',2,0,0,0,0,2,2000
Instituto Nacional De Formacion Tecnica Profesional De San Juan Del Cesar,2,0,0,0,2,0,2011
Fundación Omacha _,2,0,0,0,0,2,1993
Corporación Doctor Amín Ariza,2,0,0,0,0,2,2014
Centro De Investigaciones Y Desarrollo Científico,2,0,0,2,0,0,1997
Asesorías Ecoambientales Sas,2,0,0,2,0,0,2014
Fundacion Biofuturo Recursos Naturales,2,0,0,0,2,0,2008
Corporación Protegiéndonos,2,0,0,0,2,0,2017
Corporacion Orquideologica,2,0,0,0,2,0,2008
Fundación Parque Tecnologico De Software Del Meta - Parquesoft,2,0,0,0,2,0,2008
"Fundación Reserva Natural La Palmita, Centro De Investigación",2,0,0,2,0,0,2013
Fundación Sembrar Futuro,2,0,0,0,2,0,2011
Crea-Inn S.A.S,2,0,0,0,2,0,2011
Education Research And Innovation Group Sas,2,0,0,0,0,2,2019
Proyecto De Conservación De Aguas Y Tierras,2,2,0,0,0,0,2008
Fundacion Calima,2,0,0,0,2,0,2012
Universidad Del País Vasco/Euskal Herriko Unibertsitatea,2,0,0,0,2,0,2010
Universidad De Navarra,2,0,0,0,2,0,2010
Amazonía Gen Sas Zomac,2,0,0,0,0,2,2020
Fondo Mixto Para La Promocion De La Cultura Y Las Artes Del Departamento Del Guaviare,2,0,0,0,0,2,2020
Asociación Gaica,2,0,0,0,2,0,2013
Jardin Botanico Del Quindio,2,0,0,2,0,0,2013
Cartif Centro Tecnologico,2,0,2,0,0,0,1985
Asociación De Becarios De Casanare,2,0,0,0,2,0,2009
Protoplast Desarrollos Tecnológicos S.A.S.,2,0,0,0,2,0,2018
University Of Manchester,2,0,0,0,2,0,2013
Fundacion Ambiental Para El Desarrollo Sostenible,2,0,0,0,0,2,2010
Corporación De Turismo Del Huila,2,0,0,2,0,0,2012
Fundación Merembergd,2,0,0,2,0,0,2012
Sense-Social And Environmental Sense,2,0,2,0,0,0,2008
Corporación Ambiental Y Forestal Del Pacifico,2,0,2,0,0,0,2008
Instituto Smithsonian De Investigaciones Tropicales,2,0,0,2,0,0,2012
Selva: Investigacion Para La Conservacion En El Neotropico,2,2,0,0,0,0,2009
Universidad De Valladolid,2,0,0,0,2,0,1980
Asociación De Profesionales En Medicina Veterinaria Y Zootecnia De La Amazonia,2,0,0,0,0,2,2016
Strategist Sas,2,0,0,0,2,0,2013
Fundacion De Estudios Interdisciplinarios Instituto Colombiano De Criminologia Y Derecho Penal,2,0,0,2,0,0,2004
Jardín Botánico De Bogotá José Celestino Mutis,2,0,1,0,1,0,2001
Ecoreef Ltda,2,0,0,2,0,0,2017
Fundacion Erigaie,2,0,0,2,0,0,1986
Fundacion Terra Firme,2,0,0,2,0,0,1986
Pvg Arquitectos S.A.S,2,0,0,0,2,0,2014
"Instituto Amazónico De Investigaciones, Imani",2,0,0,0,2,0,1997
Area Metropolitana Del Valle De Aburrá,2,2,0,0,0,0,2010
Corporación Autónoma Regional Del Centro De Antioquia - Corantioquia,2,2,0,0,0,0,2010
Asociación De Confeccionistas De Colombia - Asconfecciones,2,0,0,2,0,0,2013
Fundación Para El Desarrollo Sostenible En Latinoamerica,2,0,0,0,2,0,2015
Escuela Normal Superior San Pedro Alejandrino,2,0,0,2,0,0,2014
Universidade Estadual Paulista Júlio De Mesquita Filho,2,2,0,0,0,0,1995
Hospital Universitario Clinica San Rafael,2,0,0,0,2,0,2009
Coindexa S.A.S.,2,0,0,2,0,0,2015
Mcgill University,2,0,0,2,0,0,2010
"Corporación Latinoamericana De Entidades De Ciencia, Tecnología E Innovación",2,0,0,0,2,0,2008
Biomineralescol.Sas,2,0,0,0,2,0,2015
Academia Antioqueña De Historia,2,0,0,0,2,0,2007
Asociación Colombiana Para El Avance De La Ciencia - Acac,2,0,0,2,0,0,2012
Municipio De Santa María,2,0,0,0,0,2,2017
Fundação Universidade Federal De São Carlos,2,0,0,0,2,0,2018
Corporación Para La Innovación Y La Gestión,2,0,0,0,2,0,2013
Institución Educativa Técnica Jacinto Vega,2,0,0,0,0,2,2017
Advisory Partners L.A.,2,0,0,0,2,0,2014
Colegio Leonardo Da Vinci,2,0,0,0,0,2,2017
Ingenieria Desarrollo Territorial Y Medio Ambineta,2,0,0,0,2,0,2015
Policia De Investigaciones De Chile,2,0,0,0,2,0,2007
Empresas Públicas De Medellín E.S.P.,2,2,0,0,0,0,2010
Instituto Militar Aeronaútico Capitan Jose Edmundo Sandoval,2,0,0,2,0,0,2006
University Of Cambridge,2,2,0,0,0,0,2004
Unidad De Investigacion Criminal De La Defensa,2,0,0,2,0,0,2006
Instituto Nacional Para Ciegos,2,2,0,0,0,0,2002
Agencia Para La Reincorporación Y La Normalización,2,0,0,0,2,0,2014
Banco Popular.,2,0,0,0,2,0,2009
Corporación Para La Investigación En Seguridad De La Información En Tecnologias Emergentes,2,0,0,0,0,2,2013
Instituto Tecnológoco Metropolitano,2,0,0,0,0,2,2013
Inter-Telco S.A.S.,2,0,0,0,2,0,2004
Instituto Colombiano Para El Estudio De Las Religiones,2,2,0,0,0,0,2008
Centro De Desarrollo Aeroespacial Para La Defensa Cetad-Cacom-,2,0,0,0,2,0,2004
Editorial Logos-Edit,2,0,0,0,2,0,1998
Corporacion De Educacion Del Norte Del Tolima,2,0,0,0,2,0,1998
Escuela De Logistica,2,0,0,0,2,0,1998
Comando Conjunto Cibernetico,2,0,0,0,2,0,2015
Olimpia Management,2,0,0,0,2,0,2014
Escuela Militar De Suboficiales Sargento Inocencio Chinca,2,0,0,0,2,0,2012
University Jagiellonian,2,2,0,0,0,0,2015
Fundación Zoológica De Cali,2,0,0,0,2,0,2006
Uam-Uned,2,2,0,0,0,0,2009
Epm Telecomunicaciones S.A. E.S.P. - Epm. Telco S.A.,2,0,0,0,0,2,2012
Universidad De Buenos Aires,2,2,0,0,0,0,2008
E Advising Ltda,2,0,0,0,2,0,2009
Observatorio De Investigación En Desarrollo Social Y Medicinal,2,0,0,0,2,0,2017
Hockschule Skt. Georgen,2,0,0,0,2,0,2017
Grupo De Estudios En Desarrollo Sostenible,2,0,0,0,2,0,2017
Quipux,2,0,0,0,2,0,2016
Gimnasio Campestre La Fontana,2,0,0,0,0,2,2020
Asociación Para La Promoción De La Innovación Social Basada En Tic´S,2,0,0,0,0,2,2012
Red De Pedagogía Sas,2,0,0,0,2,0,2016
Observatorio Colombiano De Investigación En Cannabis Medicinal - Ocicam,2,0,0,0,2,0,2017
Castillo Organización,2,0,0,0,0,2,2014
Castillo Organización Sas,2,0,0,0,0,2,2014
Unidad De Medicina Materno Fetal,2,0,0,0,2,0,2014
Unidad Administrativa Especial Del Sistema De Parques Nacionales Naturales,2,0,0,0,2,0,2014
Software Tecnico Ltda,2,0,0,0,2,0,2014
Software Y Documentación Integrados,2,0,0,0,2,0,2014
Universidad De Bayreuth,2,2,0,0,0,0,2008
Asociacion Colombiana De Infectología,2,2,0,0,0,0,2007
Institución Educativa Distrital Reuven Feurstein,2,0,0,0,0,2,2019
"Instituto De Ciencias Naturales, U. Nacional",2,0,0,0,2,0,2017
Corporación Escuela Tecnológica Del Oriente,2,0,0,0,0,2,2012
Cadzayin S.A.S,2,0,0,0,2,0,2014
Institución Universitaria Digital De Antioquia,2,0,0,0,2,0,2018
Instituto Antioqueño De Investigación,2,2,0,0,0,0,2010
Asociacion De Turismo Comunitario Uruki El Manantial,2,0,0,2,0,0,2017
Sco Orquideología,2,0,0,2,0,0,2017
Corporación Educativa Y Cientifica Cosmos,2,0,0,0,2,0,2008
Frutar Ltda,2,2,0,0,0,0,2004
Asociación Alianza Sinertic,2,0,0,0,2,0,2005
Fundación Tecnalia Colombia,2,0,0,0,2,0,2005
"Fundación Internacional De Formación En Educación, La Investigación Y Tecnología",2,0,0,0,2,0,2011
Confederacion Nacional Catolica De Educacion Conaced,2,0,0,0,2,0,2008
Fundación Creser Humano Y Social,2,0,0,2,0,0,2010
Universidad De Zaragosa,2,0,0,2,0,0,2014
Fund. Colombiana Para La Investigación Y Conservación De Tiburones Y Rayas,2,2,0,0,0,0,2002
Vital Care Centro De Simulación Clinica,2,0,0,0,2,0,2015
Clínica Barraquer S.A.,2,0,0,0,0,2,2012
Colegiatura Colombiana Institución Universitaria,2,0,0,0,2,0,2006
Vereinigung Für Angewandte Botanik,2,0,0,0,2,0,2010
"Empresa De Energía Del Archipiélago De San Andrés, Providencia Y Santa Catalina",2,0,0,0,2,0,2017
"Asociación Colombiana Pro Enseñanza De La Ciencia, Buinaima",2,0,0,0,2,0,2009
Corporación Penser,2,0,0,0,2,0,2019
Editorial Primmate S.A.S,2,0,0,0,2,0,2009
Asociacion De Exalumnos Del Instituto Nacional De Cancerologia,2,0,0,0,2,0,2015
Desal Soluciones Tecnologicas Sas,2,0,0,0,2,0,2016
Consejo Latinoamericano De Ciencias Sociales - Clacso,2,2,0,0,0,0,2010
Angioriente Sas,2,0,0,0,0,2,2019
Punto Estratégico Red De Consultores S.A.S,2,1,0,0,1,0,2012
Fundación Centro De Investigación En Modelación Empresarial Del Caribe,2,0,0,0,2,0,2005
Corporación Caribetic,2,0,0,0,2,0,2005
Fundación Consultores Del Talento Humano,2,2,0,0,0,0,1994
Universidad De Loughborough,2,0,2,0,0,0,2010
Angiografia De Occidente,2,0,0,0,2,0,2011
Crimarpez S.A.S,2,0,0,0,2,0,2012
Sifati Group Ingenieria S.A.S,2,0,0,0,2,0,2012
Instituto De Estudios Del Ministerio Público,2,0,0,0,2,0,2006
Centro Nacional De Consultoría,2,0,0,0,2,0,2012
Observatorio Colombiano De Ciencia Y Tecnologia Ocyt,2,0,0,2,0,0,2000
Corporacion Para El Desarrollo Social Y Cultural Del Valle Del Cauca,2,0,0,2,0,0,2014
Centro Para La Investigación En Sistemas Sostenibles De Producción Agropecuaria Cipav,2,0,2,0,0,0,1985
Molecularvet Sas,2,0,0,0,2,0,2009
Escuela De Ingenieros Militares,2,0,0,0,2,0,2006
Corporación Patología Veterinaria,2,0,0,0,2,0,2009
Fundación Instituto De Alta Tecnología Médica De Antioquia - Iatm,2,0,0,0,2,0,2006
Diagnostico & Asistencia Medica S.A Institucion Prestadora De Servicios De Salud - Dinamica I P S,2,0,0,0,2,0,2006
Provisell Ltda,2,0,0,0,2,0,2014
Asociación Colombiana De Fitopatologia Y Ciencias Afines,2,0,0,2,0,0,2009
Washington State University,2,0,0,0,2,0,2010
Grupo Zambrano S.A.S.,2,0,0,0,2,0,2011
Ascolfi,2,0,0,2,0,0,2009
Ecoingeniería De Colombia Sas,2,0,0,0,2,0,2017
Latincampus Corporate University,2,0,0,0,2,0,2009
INet S.A.S.,2,0,0,0,2,0,2009
Corporación Centro Del Pensamiento En Redes Neuro-Educatrónicas,2,0,0,0,2,0,2009
Cirad,2,0,2,0,0,0,2015
Corporación Universitaria Regional Del Caribe - Iafic,2,0,2,0,0,0,2004
Amezco S.A.,2,0,0,0,2,0,2002
Alpina Productos Alimenticios Sa,2,2,0,0,0,0,2010
Empresa Colombiana De Innovación S.A.S.,2,0,0,0,2,0,2011
Asociación Colombiana De Ingenieria Sanitaria Y Ambiental - Acodal,2,0,0,2,0,0,2009
Organizacion Clinica Bonnadona Prevenir Sas,2,0,2,0,0,0,2012
New Stetic,2,0,0,2,0,0,2007
Synergy Research & Development Institute,2,0,2,0,0,0,2012
Synergy Research & Development Group,2,0,2,0,0,0,2012
Oinsamed S.A.S - La Misericordia Clinica Internacional,2,0,2,0,0,0,2012
Nanomat Sas,2,0,0,0,0,2,2017
Sume - Energyc,2,0,0,0,2,0,2016
Zumo Tecnologia,2,0,0,0,2,0,2013
Open Innovation Lab Sas,2,0,0,0,0,2,2006
Centro De Productividad Y Competitividad Del Oriente,2,0,0,0,2,0,2005
Corporacion Educativa Del Litoral,2,0,0,0,2,0,2013
"Comité Para El Desarrollo De La Investigación Codi, Universidad De Antioq",2,0,0,2,0,0,2005
Industrias Metalicas Asociadas,2,0,0,0,2,0,2015
Sapiens Research Group Eu,2,0,0,0,0,2,2006
Fundación Innovagen,2,0,0,0,2,0,2014
Red De Universidades Públicas Del Eje Cafetero Alma Mater,2,0,0,0,2,0,2003
Centro De Estudios En Movilidad Humana Y Conflictos,2,0,0,0,2,0,2003
Fundacion Instituto Biotecnologico Del Carribe - Caribbean Institutte Of Biotecnology,2,0,0,0,2,0,2016
Agro Sas,2,0,0,0,2,0,2019
Corporacion Centro De Innovacion Del Caribe,2,0,2,0,0,0,2001
Labco Innovación,2,0,0,0,2,0,2016
Audifarma S.A.,2,0,2,0,0,0,2000
Grupo Experta S.A.S,2,0,0,0,2,0,2018
Universidad De Girona,2,0,0,2,0,0,2006
Instituto De Capacitación E Investigación Del Plástico Y Del Caucho - Icipc,2,0,2,0,0,0,1993
Instituto Médico De Alta Tecnología,2,0,0,0,2,0,2017
Microscopia Sas,2,0,0,0,0,2,2019
"Corporación Para La Ciencia, La Investigación, La Innovación Y El Emprendimiento",2,0,0,2,0,0,2013
"Corporación Centro De Investigaciones De Género, Medio Ambiente Y Turismo En Santander",2,0,0,0,0,2,2020
Math Decision Sas,2,0,0,0,0,2,2008
Universidad Rovira I Virgili,2,2,0,0,0,0,2006
Universidad De Cádiz,2,0,0,2,0,0,1987
Fundacion Scient,2,0,0,0,2,0,2015
Minerales Industriales S.A.,2,0,0,0,2,0,2008
Electroporcelana Gamma,2,0,0,0,2,0,2008
Ormuco Inc Sas,2,0,0,2,0,0,2000
Superintendencia De Industria Y Comercio - S.I.C.,2,0,2,0,0,0,2009
Innovadores De Ideas Y Proyectos Ltda,2,0,0,0,2,0,2014
Asociación Hotelera Y Turística De Colombia,2,0,0,0,2,0,2015
Fundación Horizonte Verde,2,0,0,0,2,0,2005
Mondragón Ikerketa Kudeaketan,2,0,0,0,2,0,2006
Federacion Nacional De Cacaoteros,2,0,0,0,0,2,2005
Fundación Tecnológica Rural Coredi,2,0,0,0,0,2,2007
Corporación Estudiantes Universitarios Y Profesionales Marinilla,2,0,0,0,0,2,2007
Asoganado Caqueta Ltda,2,0,0,0,0,2,2017
Layoutche Editoracao,2,0,0,0,2,0,2009
Gobernación Del Amazonas,2,2,0,0,0,0,2009
Municipio De Almeida,2,0,0,0,0,2,2017
Centro Agronomico Tropical De Investigacion Y Enseñanza,2,2,0,0,0,0,2008
Curtiembres Cúcuta,2,0,2,0,0,0,2013
Technische Universitat Berlin,2,2,0,0,0,0,2009
Hpo Global Resources Ventures Inc Sucursal Colombia,2,0,0,0,0,2,2019
Atlas Energy Transition,2,0,0,0,0,2,2019
Generadora De Energía Del Caribe S.A.S,2,0,0,0,0,2,2017
Fish & Greens,2,0,0,0,0,2,2017
Institución Educativa Enrique Suarez,2,0,0,0,0,2,2017
"Alimentos, Productos E Ingredientes Naturales Exagon Sas",2,0,0,0,0,2,2019
Lumon Sas,2,0,0,0,2,0,2014
Comité Departamental De Cafeteros De Risaralda,2,0,0,0,2,0,2014
Fundacion Parque Tecnológico De Software De Manizalez Parquesoft,2,2,0,0,0,0,1999
C I S Ingenieros Consultores Ltda,2,2,0,0,0,0,2014
Central Regional De Bionegocios S.A.S.,2,0,0,0,0,2,2019
Asociación Colombiana De Porcicultores,2,0,0,0,2,0,2010
Cadena Productiva De Plantas Medicinales Y Aromáticas Del Departamento De Risaralda,2,0,0,0,2,0,2014
Solla S. A. - Solla S. A.,2,0,0,2,0,0,2010
Universidad De Bologna,2,0,2,0,0,0,1995
Institución Educativa Técnico Agropecuario La Esmeralda,2,0,0,0,0,2,2017
Fitorec Sas,2,0,0,0,2,0,2009
Municipio De Chivor,2,0,0,0,0,2,2017
Sociedad Colombiana De Ciencias Hortícolas,2,0,2,0,0,0,1999
Asociación Hortifrutícola De Colombia - Asohofrucol,2,0,2,0,0,0,1999
Centro Agropecuario Y De Servicios Ambientales Jirijirimo,2,0,0,0,0,2,2015
Jedlom Telecomunicaciones,2,0,0,0,0,2,2015
Parques Nacionales,2,0,0,0,2,0,2014
Alsec Alimentos Secos S.A.S,2,0,0,0,2,0,2007
Instituto Colombiano De Investigaciones Geotecnicas,2,0,0,0,0,2,1998
Amonite Sas,2,0,0,0,0,2,2019
Cormagdalena,2,0,0,0,2,0,2018
"Instituto De Estudios Políticos, Medellín",2,0,0,2,0,0,1998
Sosteli Group,2,0,0,0,2,0,2018
Ideas Biomédicas S.A.S,2,0,0,0,2,0,2018
Institución Educativa José María Córdob,2,2,0,0,0,0,2010
"Centro De Asesorías, Investigación Y Producción Agroecológica S.A.S.",2,0,0,0,2,0,2017
Instituto Popular De Capacitación - I.P.C. Antes Corporación Promoción Popular,2,0,0,2,0,0,1998
Fundacion Para La Investigacion Y El Desarrollo Educativo Empresarial Fidee,2,0,0,0,2,0,2010
Unilabs Asesoria E Investigacion Sas,2,0,0,0,2,0,2017
Yarima Guadua E. U.,2,2,0,0,0,0,2000
Corporacion Autonoma Regional Del Rio Grande De La Magdalena,2,0,0,0,2,0,2018
Geografía Satelital Geosat,2,0,0,0,2,0,2012
Fundacion Tiba Xue,2,0,0,0,2,0,2012
Prevención En Acción Sas,2,0,0,0,2,0,2012
Movylab Sas,2,0,0,0,2,0,2011
Martin Luther University Halle Wittenberg,2,0,2,0,0,0,2002
Anhidridos Y Derivados De Colombia S.A - Andercol,2,0,0,0,2,0,1983
Rymel Ingenieria Electrica S.A.S.,2,0,0,0,2,0,2014
Institucion Educativa Escuela Normal Superior Valle De Tenza,2,0,0,0,0,2,2017
Institución Educativa Técnica Jose Benigno Perilla,2,0,0,0,0,2,2017
Municipio De Somondoco,2,0,0,0,0,2,2017
Grupo De Investigacion Y Editorial Kavilando,2,0,0,0,2,0,2008
Onf Andina,2,0,0,0,2,0,2008
Icontec Internacional,2,0,0,0,2,0,2002
Compañia Nacional De Chocolates S.A.S,2,2,0,0,0,0,2012
E Energia Eficiente S.A. E.S.P.,2,0,2,0,0,0,1999
Ministerio De Agricultura Y Desarrollo Rural - Minagricultura,2,0,0,0,2,0,1989
Universidad De Huelva,2,0,0,2,0,0,2010
Sefitrones,2,0,0,0,2,0,2016
Instituto Colombiano Agropecuario - Ica.,2,0,0,0,2,0,2000
Diseños Y Construcciones Especializadas En Ingeniería Ltda.,2,0,0,2,0,0,2014
Alcaldia Municipal De Popayan,2,2,0,0,0,0,2002
"Asociacion De Profesionales Para La Investigacion, Innovacion, Desarrollo Y Transferencia Tecnologica En La Industria Colombiana",2,0,0,0,2,0,2017
Camara De Comercio De Valledupar,2,0,0,2,0,0,2008
Cámara De Comercio De Barranquilla,2,0,0,0,2,0,1996
Universidad Autónoma De Ciudad Juárez,2,0,0,0,0,2,2012
Academia Américana De Psiquiatría,2,0,0,2,0,0,2008
Biomab Ips S.A.S.,2,0,0,0,2,0,2014
Agraf Industrial S.A.,2,0,0,0,2,0,2014
Compañía De Galletas Noel S.A.S.,2,0,0,0,2,0,2017
CareYou,2,0,0,2,0,0,2016
Asociación Colombiana De Facultades De Ingeniería - Acofi,2,0,0,0,2,0,2012
Hospital General De Medellín Luz Castro De Gutiérrez Ese.,2,0,0,0,2,0,2007
"Fundación Ideal Para La Rehabilitación Integral ""Julio H. Calonje""",2,0,0,0,2,0,2009
Fundación Oftalmológica Nacional,2,2,0,0,0,0,1996
Universidad Minas De San Petersburgo.,2,0,0,0,2,0,2017
Hospital El Tunal Ese,2,0,0,0,2,0,2011
Fundación Acciones Con Propósito,2,0,0,2,0,0,2016
Instituto De Medicina Legal,2,0,0,0,2,0,2014
"Academia Colombiana De Ciencias Exactas, Físicas Y Naturales - Accefyn",2,0,0,0,2,0,2012
Datawhere Sas,2,0,0,2,0,0,2004
Escuela De Medicina Juan N. Corpas,2,0,0,2,0,0,2014
Asesor Independiente,2,0,0,0,2,0,2009
Segura Morón & Castañeda Asesores En Salud,2,0,0,0,2,0,2009
Sikuani Net S.A.S.,2,0,0,2,0,0,2001
Fundación Cero Limitaciones,2,0,0,0,2,0,2009
Federacion Colombiana De Educadores,2,0,0,0,2,0,2013
Fundación Centro De Investigación De Bioprospección Y Biotecnología De La Biodiversidad Biolabb,2,0,0,0,0,2,2017
Loscobos Medical Center,2,0,0,0,2,0,2018
Smart Bee Ciencia Y Tecnología Sas,2,0,0,0,2,0,2018
Unidad De Atención Integral - Uai,2,0,2,0,0,0,1995
Génie Latam S.A.S.,2,0,0,2,0,0,2007
Promotora Médica Las Américas S.A.,2,0,0,0,2,0,2009
Fundación Universitaria Bellas Artes,2,0,0,2,0,0,2009
Universidad Nacional Autónoma De Honduras,2,2,0,0,0,0,1986
Fundación Hospital Universidad Del Norte,2,0,2,0,0,0,2003
Atención Clínica Y Formación Especializada En Fonoaudiología,2,0,0,0,2,0,2017
Fundacion Meditech,2,0,2,0,0,0,2010
Universidad Metropolitana De Ciencias De La Educación,2,2,0,0,0,0,2011
Clínica El Bosque,2,0,0,0,2,0,2018
Fundacion Canguro,2,0,2,0,0,0,1989
Academia Superior De Artes,2,0,0,0,2,0,2011
Advanced Sciencie Technologies Ltda.,2,0,0,0,0,2,2013
University Of Missouri System,2,0,2,0,0,0,2011
Fundacion De Comunidaddes Negras Afrocolombianas Raizales Y Palenqueras Etn,2,0,0,0,2,0,2012
Unidad De Diagnóstico Y Ecografía Maternofetal Y Ginecológico El Bosque Sas,2,0,0,2,0,0,2004
Clínica Del Prado,2,0,0,0,2,0,2003
Centro Cardiovascular Colombiano Clinica Santa Maria,2,0,0,0,0,2,2020
Instituto Colombiano De Neuropedagogia,2,0,2,0,0,0,1995
Unau - Fundación En Defensa De La Vida Silvestre,2,0,0,0,2,0,2001
Fundación Info Vida,2,2,0,0,0,0,2006
Sociedad De Infectologos Del Caribe Colombiano S.A.S.,2,0,0,2,0,0,2016
Fundación Global Disease Research Colombia,2,0,0,2,0,0,2016
Corporacion De Lucha Contra El Sida,2,0,0,0,2,0,2004
Health & Pharma,2,0,0,0,2,0,2014
Fundación Grupo Estudiantil Y Profesional De Psicología Univalle,2,0,0,0,2,0,2007
Centro De Estudios En Infectología Pediatrica,2,0,0,0,2,0,2003
Fun Cie Esp Pro Cultural Estudio Divulgacion Inv Desarrollo Int Caribe Col,2,0,0,0,2,0,2014
Centro De Atención Y Diagnostico De Enfermedades Infecciosas C.D.I. S.A,2,2,0,0,0,0,2006
Fundacion Sueño Vigilia Colombiana,2,0,0,0,2,0,2001
Hospital Infantil Los Angeles,2,0,0,0,2,0,2015
Fundacion Salutia Centro De Investigaciones En Economia Gestion Y Tecnologias En Salud,2,0,2,0,0,0,2007
Clínica De Nuestra Señora De La Paz,2,0,0,0,2,0,2018
Centro De Investigacion De La Fundacion Cardiovascular,2,2,0,0,0,0,2004
Zurich S.A.,2,0,0,0,2,0,2012
Laboratorio Servicios Clínicos De La Clínica Cancerológica De Boyacá,2,0,0,0,2,0,2012
Fundacion Para La Atencion De Primera Infancia Y Empresarial,2,0,0,0,2,0,2012
Academia Colombiana De La Lengua,2,0,0,0,2,0,2000
Grupo Proyectame,2,0,0,0,2,0,2017
Fundación Index,2,0,0,0,2,0,2009
Jorale S A S,2,0,0,0,2,0,2014
Laboratorio De Salud Pública Del Valle,2,0,0,0,2,0,2014
Cámara De Comercio De Cartagena,2,0,0,0,2,0,2004
Cuenta De Alto Costo,2,0,0,0,2,0,2013
Hospital Departamental Psiquiatrico Universitario Del Valle Ese,2,0,0,0,2,0,2011
Federacion Nacional De Arroceros - Fedearroz,2,0,0,2,0,0,2005
Secretaría De Salud Del Meta,2,0,0,0,0,2,2016
Organización Pavlov,2,0,0,0,2,0,2013
Clínica Oftalmológica Del Caribe S.A.S.,2,0,0,2,0,0,2005
Fundacion Oftalmologica Del Caribe - Foca,2,0,0,2,0,0,2005
Universidade Federal De Viçosa,2,2,0,0,0,0,2011
Fundación Científica Siete,2,0,0,0,0,2,2019
Helpharma,2,0,0,0,2,0,2012
Centro De Bioinformatica Y Biologia Computacional De Colombia,2,2,0,0,0,0,2012
Banco De Células Stem De Colombia,2,0,0,0,2,0,2007
Instituto Colombiano Del Sistema Nervioso - Clínica Montserrat,2,0,0,2,0,0,2013
Hospital Infantil - Club Noel,2,0,0,0,2,0,2009
Clínica Las Américas,2,0,0,0,2,0,2009
Hospital Departamental Tomas Uribe Uribe E.S.E.,2,0,0,0,2,0,2016
Centro De Estudios Y Asesorías En Ciencias Sociales,2,0,0,0,2,0,2000
Productos Alimenticios Doria S.A.S,2,0,0,0,0,2,2013
Dae,2,2,0,0,0,0,2007
Vocology Center,2,0,0,0,2,0,2017
Cecoltec Services S.A.S.,2,0,0,0,2,0,2015
Km-Robota S.A.S.,2,0,0,2,0,0,2011
Bioprocol Bioprocesos De Colombia S.A.S,2,0,0,2,0,0,2013
Centro Colombiano De Tecnologia Sas. Cecoltec Sas,2,0,0,0,2,0,2015
Ingenieros Cyd,2,0,0,0,2,0,2009
Fundacion Para La Ruralidad La Educacion Y El Desarrollo,2,0,0,0,2,0,2009
Ingeniar Tecnologia,2,0,0,0,2,0,2009
Beyond Ideation Group Sas,2,0,0,0,2,0,2011
Efigas Gas Natural S.A. Esp,2,0,0,0,2,0,2016
Institute Of Industrial Engineers Universidad Distrital,2,0,0,0,2,0,2003
Vedas Corporacion De Investigacion E Innovacion,2,0,2,0,0,0,2015
Cementos Argos S.A,2,2,0,0,0,0,2011
Investigación En Psicología Del Consumidor Ltda,2,0,0,2,0,0,2013
Corporacion Choapo,2,0,0,1,1,0,2013
Centro Regional De Productividad E Innovación Del Cauca Crepic,2,0,0,0,2,0,2000
Clínica De La Mujer,2,0,0,0,0,2,2014
Neurosketch S.A.S,2,0,0,2,0,0,2008
Escuela De Aviacion Del Ejercito,2,0,0,0,2,0,2007
Colegio Oberlin,2,0,0,0,0,2,2017
Secretaría De Educación Y Cultura Municipio De Soacha,2,0,0,0,0,2,2017
Institución Educativa General Santander,2,0,0,0,0,2,2017
Politécnico Santafé De Bogotá,2,0,0,2,0,0,2007
Carbomax De Colombia S.A.S,2,0,0,0,0,2,2019
Constructora Conconcreto S.A,2,0,0,0,2,0,2014
Glasst Innovation Company,2,0,0,0,2,0,2014
Escuela Nacional Sindical - E.N.S.,2,0,0,0,2,0,1982
Centro Oftalmológico Carriazo S.A. I.P.S,2,0,0,0,0,2,2010
Instituto Colombiano De Derecho Tributario,2,0,0,0,0,2,2003
As Ingenieria Soluciones Avanzadas S.A.S,2,0,0,0,2,0,2018
"Centro De Ingeniería Avanzada, Investigación Y Desarrollo",2,0,0,0,2,0,2018
Gym Group Sa,2,0,1,1,0,0,2013
"Fundación Arte, Arquitectura Y Pensamiento",2,0,0,0,0,2,2018
Corporación Universitaria U De Colombia,2,0,0,0,1,1,2017
Jiso Ingenieria Avanzada Sas,2,0,0,0,2,0,2016
Alcaldía De Pasto,2,0,0,2,0,0,2007
Mindtech S.A.S,2,0,0,0,2,0,2016
"Fundación Para La Investigación Y Desarrollo De La Ciencia, Tecnología E Innovación Del Chocó",2,0,0,0,0,2,2018
Rubén Darío Cárdenas Espinosa,2,0,0,0,2,0,2014
Biofenix S.A.S.,2,0,0,0,2,0,2015
Fondo Financiero Distrital De Salud,2,0,2,0,0,0,2009
Health Medical S.A.S.,2,2,0,0,0,0,2009
Fundacion Hospital Universitario Metropolitano,2,2,0,0,0,0,2009
Corporación Colombiana Del Saber Científico - Scio,2,0,0,2,0,0,2004
Smithsonian Tropical Research Institute,2,2,0,0,0,0,2010
Emuracenter,2,0,0,2,0,0,2004
Emura Foundation For The Promotion Of Cancer Research,2,0,0,2,0,0,2004
Empresa Social Del Estado Hospital Rosario Pumarejo De Lopez,2,0,0,0,2,0,2008
Convenio Uptc-Igac,2,0,0,0,2,0,2011
Universidad De Goteborg,2,0,0,2,0,0,2008
Instituto De Investigación En Ciencias Clínicas Sanitas,2,0,0,2,0,0,2008
Instituto De Investigaciones,2,0,0,2,0,0,2008
Nefrologia Y Diálisis Sas,2,0,0,2,0,0,2007
Centro Nacional De Ciencia Tecnología E Innovación Para El Desarrollo Produ,2,0,0,0,2,0,2016
Hospital Universitario Departamental De Nariño E.S.E,2,0,0,0,2,0,2013
Servicios Integrales En Salud Ocupacional Y Educación,2,0,0,0,2,0,2007
International Petroleum And Energy Corporation,2,0,0,0,0,2,2018
Amphibia Group Sas,2,0,0,0,0,2,2009
Hatch Indisa S.A.S.,2,0,0,0,2,0,2010
Indisa S.A.,2,0,0,0,2,0,2010
Cediul S.A.,2,0,0,0,2,0,2005
Ied Colegio Bicentenario De Funza,2,0,0,0,0,2,2019
Potencia Y Tecnologías Incorporadas S.A.,2,0,0,0,0,2,2016
Abogato Jurídico S.A.S.,2,0,0,0,0,2,2018
Fundacion Arquitectura Pro Bono,2,0,0,0,0,2,2018
"Clínica I.S.S, Cúcuta, Colombia",2,0,0,0,0,2,2005
"Corporación De Ciencia Y Tecnologia Para El Desarrollo De La Industria Naval, Marítima Y Fluvial - Cotecmar",2,0,0,0,0,2,1998
Programa Para El Tratamiento Y Estudio De Enfermedades Hematologicas Y Oncologicas De Santander Ltda,2,0,0,0,2,0,2019
Centro De Estudios Médicos Interculturales,2,0,0,2,0,0,1995
Oficina Del Alto Comisionado Para La Paz,1,1,0,0,0,0,2004
Escuela Normal Superior Maria Escolastica De Salamina Caldas,1,0,0,0,0,1,2020
Centro De Estudios Regionales Cafeteros Y Empresariales Crece,1,0,0,1,0,0,1986
Institución Educativa Normal Superior Fabio Lozano Torrijos,1,0,0,0,1,0,2017
Corporación Politécnico Regional De Educación Superior,1,0,0,0,1,0,2017
Escuela Pomponazzi,1,1,0,0,0,0,2013
Corporación Metusia,1,1,0,0,0,0,2013
Unidad Investigativa Contable Del Atlántico,1,0,0,0,0,1,2018
Fundación Colombia Mía,1,0,0,0,1,0,2012
Ubilex,1,0,0,0,1,0,2015
Instituto Técnico Nacional De Comercio Simón Rodríguez,1,0,0,0,1,0,2011
Fundacion Ana Herrera De Pardo,1,0,0,0,0,1,2020
Hospital De Kennedy,1,0,0,0,1,0,2014
Universidad Agraria De Cuba,1,0,0,1,0,0,2003
Fundación Centro De Investigaciones Para El Emprendimiento Y Desarrollo Social,1,0,0,1,0,0,2015
Inst Para La Inv Y La Preserv Del Patrimonio Nat Y Cult Del Valle Del Cauca,1,0,0,0,1,0,1999
Piscícola San Silvestre S.A.,1,1,0,0,0,0,2014
Fundación Macuaticos Colombia,1,0,0,0,1,0,2009
Fundación Logyca / Investigación,1,0,0,0,1,0,2008
Balder Sas,1,0,0,0,1,0,2014
Acesco S.A.,1,0,0,1,0,0,2012
Asociación Colombiana De Amistad Con El Pueblo Saharaui,1,0,0,0,1,0,2018
Departamento Administrativo De La Presidencia De La República - Dapre,1,0,0,0,1,0,2018
Universidad De Puerto Rico,1,0,0,1,0,0,2002
Corporacion Centro De Estudios Regionales Del Magdalena Medio,1,0,0,0,1,0,2006
Corporación Internacional De Consultoría Y Gestión Educativa,1,0,0,0,0,1,2010
Fundacion De Investigacion Agroambiental Iajm,1,0,0,0,0,1,2019
Clínica Pulmonar Y Del Sueño S.A.S.,1,0,0,0,1,0,2011
Fundacion Universitaria Seminario Biblico De Colombia,1,0,1,0,0,0,2005
Fundacion Ifarma,1,0,0,1,0,0,2001
Conservatorio Del Tolima,1,0,0,0,1,0,2003
Ceres,1,0,0,0,1,0,2009
Instituto Colombiano Para La Evaluación De La Educación,1,0,0,0,0,1,2019
Poetophia & Science Corp.,1,0,1,0,0,0,2009
Universidad Pablo De Olavide,1,0,1,0,0,0,2009
Maloka - Centro Interactivo De Ciencia Y Tecnologia,1,0,0,0,1,0,2005
Auditoría General De La República,1,0,1,0,0,0,2002
Universidad De La Habana,1,0,0,1,0,0,2003
Corporación Para Investigación Aplicada Al Desarrollo,1,0,0,0,1,0,2011
Federacion Nacional De Productores De Panela - Fedepanela,1,0,0,0,1,0,2004
"Corporación Universitaria De Ciencias Empresariales, Educación Y Salud",1,0,0,1,0,0,2009
Taller Cinco Centro De Diseño,1,0,0,0,1,0,2016
Departamento Administrativo Defensoría Del Espacio Público,1,0,0,0,1,0,2016
Centro De Investigación Y Formación Para La Educación Superior,1,0,0,0,1,0,2017
Museo Casa De La Memoria,1,0,0,0,0,1,2017
Corporacion Instituto De Administracion Y Finanzas,1,0,0,0,1,0,2012
Fundacion Universitaria Uninpahu,1,0,0,0,0,1,2010
Fundación A-Kasa,1,0,0,0,0,1,2020
Centro Oftalmologico Ebenezer S.A.S,1,0,0,0,0,1,2019
Avidanti S.A.S,1,0,0,0,1,0,2018
Global Knowledge Innovation Sas,1,1,0,0,0,0,2001
Corporación Innprende,1,0,0,0,1,0,2019
Alianza De Investigadores Internacionales Sas,1,1,0,0,0,0,2015
Fundación Instituto De Investigación Y Desarrollo Regional,1,0,0,0,1,0,2011
Fundacion De Estudios Superiores Universitarios De Uraba Antonio Roldan Be,1,0,0,0,0,1,2017
Criteria Digital Sas,1,0,0,0,0,1,2016
Centro Latinoamericano De Estudios Ambientales,1,0,0,0,1,0,2015
Empresa De Energia De Pereira S.A. Esp.,1,0,0,0,1,0,2012
Centro De Investigaciones Y Capacitaciones Interdisciplinares,1,0,0,0,1,0,2015
Prometeus Soluciones Integrales Empresariales Y De Ingeniería Sas,1,0,0,0,1,0,2016
Corporación Alma Arte Y Acción,1,0,0,0,1,0,2015
Fundación Escuela Iberoamericana De Gobierno,1,0,0,0,1,0,2014
Universidade Federal De Sergipe,1,0,0,1,0,0,2012
Fundación Contrucción Colombia,1,0,0,0,1,0,2011
"Investigación, Innovación E Industria",1,0,0,0,1,0,2011
Comercializadora Del Gremio Panelero Comercializadora Internacional Sociedad Anónima,1,0,0,0,1,0,2004
Asociación De Ingenieros Agrícolas De Colombia,1,0,0,0,1,0,2004
Inversiones Parrod S.A.S,1,0,0,0,0,1,2020
Centro De Investigación Y De Estudios Avanzados Del Ipn,1,0,0,1,0,0,2014
Promioriente Sa Esp,1,0,0,1,0,0,2009
Compañia Energetica De Occidente S.A.S. E.S.P.,1,0,0,1,0,0,2009
Transmetano S.A,1,0,0,1,0,0,2009
Transportadora De Metano E.P.S. S.A.,1,0,0,1,0,0,2009
Promisol Sas,1,0,0,1,0,0,2009
Gases De Occidente S.A. E.S.P.,1,0,0,1,0,0,2009
Promigas S.A E.S.P.,1,0,0,1,0,0,2009
Sociedad Colombiana De Ingeniería Física,1,0,0,1,0,0,2010
"Universidad Del Sur De La Florida, Usf",1,0,0,0,1,0,2006
Tel Aviv University,1,0,0,1,0,0,2008
Universidad Federal Del Amazonas,1,0,0,1,0,0,2010
Corporacion Educativa Nacional,1,0,0,0,1,0,2009
Sociedad Portuaria El Cayao S.A. E.S.P,1,0,0,1,0,0,2009
Coal Chemistry Laboratory -Strathclyde University,1,0,0,0,1,0,2009
Fundación Ruben Ardila Para El Avance De La Psicología,1,0,1,0,0,0,2002
Asociación Colombiana De Exportadores De Flores - Asocolflores,1,0,0,0,1,0,1999
Tecnológica Fitec,1,0,0,0,0,1,2010
Logopolis Sas,1,0,0,0,0,1,2015
Centro De Investigación Y Desarrollo De Proyectos S.A.S,1,0,0,0,0,1,2014
Fundación Talento Humano,1,0,0,0,0,1,2019
Sociedad Colombiana De Investigación E Innovación Formativa,1,0,0,0,1,0,2018
Centro De Estudios En Protección Social Y Economía De La Salud,1,0,0,1,0,0,2010
Cdm Ingenieros S.A.S,1,0,0,0,1,0,2017
Corporacion Educativa Para El Aprendizaje Productivo,1,0,0,0,1,0,2017
Surtidora De Gas Del Caribe S.A.,1,0,0,1,0,0,2009
Corporación Centro De Desarrollo Tecnologico Del Gas,1,0,0,1,0,0,2003
Centro De Investigación Y Desarrollo Académico - Empresa Asociativa De Trabajo Cidea Eat,1,0,0,0,1,0,2004
Hospital Centro Oriente Ii Nivel Ese,1,1,0,0,0,0,1997
"Centro De Estudios De Derecho, Justicia Y Sociedad",1,0,0,0,1,0,2018
Logos Gestores Del Patrimonio S.A.S,1,0,0,0,1,0,2019
Fundación Caribe En La Sociedad Del Conocimiento,1,0,0,0,1,0,2001
Fundación Reeducativa Profuturo,1,0,0,0,1,0,2009
Servicios Especiales De Salud,1,1,0,0,0,0,2015
Corporacion Universitaria Para El Desarrollo Empresarial Y Social,1,0,0,0,1,0,2011
"Asociación Colombiana De Instituciones De Educación Superior Con Formación Técnica Profesional, Tecnológica O Universitaria",1,0,0,0,1,0,2011
Instituto De Educación Técnica Profesional De Roldanillo Valle,1,0,0,0,1,0,2011
Sub Red Integrada De Servicios De Salud Centro Oriente Ese,1,1,0,0,0,0,1997
Clínica Rafael Uribe Uribe-Iss,1,1,0,0,0,0,1997
Hospital San Blas E.S.E.,1,1,0,0,0,0,1997
Hospital De La Victoria,1,1,0,0,0,0,1997
Une,1,0,0,0,1,0,2004
Hospital Santa Clara E.S.E.,1,1,0,0,0,0,1997
Centro Internacional De Investigación Para La Paz Y El Desarrollo S.A.S,1,0,0,0,1,0,2015
Fundación Universitaria Cieo - Unicieo,1,0,0,1,0,0,2008
Fundacion Centro De Investigacion Y Estudios Odontológicos Cieo,1,0,0,1,0,0,2008
Editorial Aula De Humanidades Sas,1,0,1,0,0,0,2000
Universidad De Salamanca,1,0,0,0,1,0,2001
Confecámaras,1,0,1,0,0,0,2001
Instituto Vallecaucano De Investigaciones Cientificas - Inciva,1,0,0,0,0,1,2011
Instituto De Ciencias Naturales,1,0,0,1,0,0,2008
Camara De Comercio De Ibague,1,0,0,0,0,1,2016
Corporación Centro De Innovación Y Desarrollo Tecnológico Del Sector Eléctrico - Cidet,1,0,0,0,0,1,2003
Educative Smart Innovation,1,0,0,0,1,0,2018
Corporación Nacional De Investigación Y Fomento Forestal - Conif,1,0,0,0,1,0,2012
Gobernación De Caldas,1,0,0,0,0,1,2017
Caimed Sas,1,0,0,0,1,0,2007
Universidad Autónoma Del Estado De Morelos,1,1,0,0,0,0,2010
Laboratorio Clinico Higuera Escalante,1,0,0,0,1,0,2017
Sociedad Nacional De La Cruz Roja Colombiana,1,1,0,0,0,0,2007
Organización Ser Humano S.A.S.,1,0,0,0,0,1,2017
Hospital Departamental Universitario Santa Sofía De Caldas,1,0,0,1,0,0,2010
Laboratorio De Investigación Hormonal Lih S.A.,1,0,0,0,1,0,2019
Sociedad Integral De Especialistas En Salud S.A.S.,1,0,0,0,1,0,2016
Indeportes Antioquia,1,0,0,0,1,0,2014
Institución Educativa Agustín Codazzi,1,1,0,0,0,0,2009
"Fundacion Centro De Investigacion Biomedica, Electronica Y Robotica En Manizales",1,0,0,0,0,1,2016
Corporación Colectivo Intersindical De Salud Ocupacional,1,0,0,0,0,1,2019
Instituto Técnico Superior 'Dámaso Zapata',1,0,0,0,0,1,2020
Kuspyde Ingeniería S.A.S.,1,0,1,0,0,0,1996
Corlanc S.A.S,1,0,0,0,1,0,2012
Organizacion Corona,1,0,0,0,1,0,2012
Benemérita Universidad Autónoma De Puebla,1,0,0,1,0,0,2009
Pontificia Universidad Católica De Chile,1,1,0,0,0,0,2010
Subred Integrada De Servicios De Salud Sur Occidente E.S.E,1,1,0,0,0,0,2011
Totems Limitada,1,0,0,0,1,0,2006
Boston Medical Group De Colombia S.A.S.,1,0,0,0,1,0,2017
Procaps S.A.,1,0,0,0,1,0,2018
Caja Colombiana De Subsidio Familiar Colsubsidio,1,0,0,0,1,0,2018
Instituto Para La Investigación En Ciencias Biomédicas - Sci-Help S.A.S,1,0,0,1,0,0,2017
University Of Western Australia,1,0,1,0,0,0,2006
Clinicadeoccidente,1,1,0,0,0,0,2015
Clínica De Occidente,1,1,0,0,0,0,2015
Corporación De Innovación Para El Desarrollo De Productos Contra Enfermedades Tropicales,1,0,1,0,0,0,1986
Fundación Centro De Formación E Investigación De Córdoba,1,0,0,0,1,0,2015
Growing Up Foundation,1,0,0,0,0,1,2019
Entidad Promotora De Salud Sanitas S.A.,1,0,0,0,1,0,2015
Fundación Para La Excelencia De La Medicina Clínica En Colombia - Fundación Clínica,1,0,0,0,1,0,2017
Hospital De Yopal E.S.E Ii Nivel,1,0,0,0,0,1,2019
Pure Chemistry S.A.S.,1,0,0,0,1,0,2012
Artmedica,1,0,0,0,0,1,2018
Fundaciòn Somos Ciencia Al Servicio De La Comunidad,1,0,0,0,1,0,2016
Fundación Hospital San Pedro,1,0,0,0,1,0,2016
Rmb Tecnologia Sas,1,0,0,0,1,0,2018
Corporación Centro De Desarrollo Tecnológico Cluster Creatic,1,0,0,0,1,0,2006
Hospital Departamental Universitario Del Quindío San Juan De Dios,1,0,0,1,0,0,2012
Grupo De Consultores Y Asesores Del Caribe S.A,1,1,0,0,0,0,2004
Seguridad Alimentaria De Occidente S A S,1,1,0,0,0,0,2008
Centro Agropecuario Sena,1,1,0,0,0,0,2008
Universidad De Sevilla,1,1,0,0,0,0,2008
Compañia Nacional De Levaduras Levapan S.A,1,0,0,0,1,0,2000
Industria De Alimentos Zenu S.A.S.,1,1,0,0,0,0,2006
Fundación Intal,1,1,0,0,0,0,2002
"Corporación Para La Integración Comunitaria, La Educacion, La Salud Y El Fomento Social",1,0,0,0,1,0,2000
Centro Regional De Productividad Y Desarrollo Tecnológico Del Tolima - C.R.P.T.,1,0,0,1,0,0,2003
Grupo De Consultoria E Innovacion Jj&N S.A.S.,1,0,0,0,0,1,2017
Cultivos Y Semillas El Aceituno Ltda,1,0,0,1,0,0,2003
Centro Industrial Y De Energías Alternativas - Sena Regional Guajira,1,0,0,0,1,0,2011
DX Ingeniería S.A.S.,1,0,0,0,1,0,2015
Servicios Y Asesorias Construmega.Co.Sas.,1,0,0,0,0,1,2019
Icp- Instituto Colombiano De Petróleo,1,1,0,0,0,0,2014
Andina Diseñadores,1,0,0,0,1,0,2014
Fundacion Protectora De Las Cuencas - Procuencas-,1,0,0,0,1,0,2012
Quinoa Meals Company S.A.S,1,1,0,0,0,0,2008
Colcafe S.A.S.,1,1,0,0,0,0,2003
Corporación Gaea,1,0,0,0,1,0,1995
Corporación Integral De Servicios Profesionales Red Moderna,1,0,0,1,0,0,2001
Centro De Desarrollo Y Soluciones Tecnologicas Industriales Colombia Sas,1,0,0,0,1,0,2017
Esenttia Masterbatch Ltda,1,0,0,1,0,0,2016
Innovación Y Competitividad S.A.S.,1,0,0,0,0,1,2011
Corporación Industrial Minuto De Dios,1,0,0,0,1,0,2005
A.I.D Biohacking Colombia,1,0,0,0,0,1,2017
One Solution Position,1,0,0,0,0,1,2009
Fundacion Centro De Investigaciones Avenir,1,0,0,0,1,0,2016
Fundacion Ecsim Centro De Estudios En Economia Sistemica,1,1,0,0,0,0,2001
Sociedad Rueda Galofre E Hijos Sas,1,0,0,0,1,0,2017
Idinnov S.A.S,1,0,0,0,1,0,2014
Arbolocos S.A.,1,0,0,0,1,0,2013
Fundacion Para El Dasarrollo Integral De La Ciencia La Tecnologia La Reactivacion Economica Social Y Cultural,1,0,0,0,1,0,2013
Centro De Investigaciones Del Banano - Cenibanano,1,0,0,0,1,0,2002
Asociacion De Bananeros De Colombia,1,0,0,0,1,0,2002
"Biomep: Biotecnología, Biología Y Medicina Periodontal S.A.S",1,0,0,0,1,0,2018
Centro De Atención Al Sector Agropecuario -Sena,1,0,0,0,1,0,2014
Bayer S.A. Colombia,1,0,0,0,0,1,2016
Corporación Autónoma Regional Para El Desarrollo De Caldas - Corpocaldas Antes Cramsa,1,0,0,0,1,0,2012
Corporaciión Regional De Antioquia,1,0,0,0,1,0,2014
Consejo Técnico De La Contaduría Pública,1,1,0,0,0,0,2001
M De Colombia,1,1,0,0,0,0,2004
Asociación Probienestar De La Familia Colombiana Profamilia,1,0,0,1,0,0,2009
Seven Capital Group Business Soam Center Sas,1,0,0,0,1,0,2017
Fiscalía General De La Nación,1,0,0,0,1,0,2005
"Instituto De Hidrologia, Meteorologia Y Estudios Ambientales - Ideam",1,0,0,0,1,0,2016
Fundación Tecnológica Autónoma De Bogotá - Faba Y Universidad De Santander -Udes- Sede Bogotá,1,0,0,1,0,0,2018
International Corporation Of Networks Of Knowledge Iconk,1,0,0,0,0,1,1996
Aalborg University,1,0,0,0,1,0,2012
"Corporación De Gestión Empresarial, Investigativa Y De Proyectos",1,0,0,0,0,1,2019
University Of British Columbia,1,0,0,0,1,0,2012
Corporación Autónoma Regional De Caldas,1,0,0,0,1,0,2018
Fundación Santa Isabel,1,0,0,0,0,1,2019
"Yoluka Ong, Fundación De Investigación En Biodiversidad Y Conservación",1,0,0,0,1,0,2008
Environment & Technology Foundation,1,0,0,0,1,0,2010
Fundación Grupo Htm,1,0,0,0,1,0,2008
Corporación Ecotecnológica Ambiental,1,0,0,0,1,0,2010
I.E.M Escuela Normal Superior De Pasto,1,0,0,0,1,0,2016
Fundacion Para La Investigacion Y Desarrollo De La Ciencia Contable,1,0,0,0,0,1,2018
Centro De Desarrollo Tecnologico Del Cesar,1,0,0,0,1,0,2015
Registros & Mediciones Ltda.,1,0,0,0,1,0,2017
Uniepilepsias,1,0,0,0,1,0,2010
Oka Consultores S.A.S,1,0,0,0,0,1,2020
Instituto Nacional De Investigación E Innovación Social,1,0,0,0,1,0,2016
Instituto Nacional De Los Recursos Naturales Renovables Y Del Ambiente,1,0,0,0,1,0,2016
Gateway Ti Montería S.A.S.,1,1,0,0,0,0,2010
Procuraduria General De La Nacion,1,0,0,0,1,0,2006
Fundación Exinfu,1,0,0,0,1,0,2017
Fundación Centro De Excelencia En Sistemas De Innovación,1,0,0,0,1,0,2017
Asprovinca,1,0,0,1,0,0,2012
Legacy & Management Consulting Group Sas,1,0,0,1,0,0,2014
Legacy School Of Ownership Sas,1,0,0,1,0,0,2014
Escuela Superior Tecnológica De Artes Débora Arango,1,0,0,0,1,0,2014
Academia Peruana De Cirugia,1,0,0,0,1,0,2013
Centro Regional De Gestión Para La Productividad Y La Innovación De Boyacá - Crepib,1,0,0,1,0,0,2002
Unidad Administrativa Especial De Aeronáutica Civil,1,0,0,0,1,0,2015
Indigo Promotora & Constructora Sas,1,0,0,1,0,0,2012
Universidad Autónoma España De Durango,1,1,0,0,0,0,1994
Fundación Trópico Alto,1,0,0,0,1,0,2017
Municipio De Cali - Secretaria De Salud,1,0,0,0,1,0,2017
Escuela Internacional De Negocios Y Desarrollo Empresarial De Colombia,1,0,0,1,0,0,2017
Asociación De Las Empresas De La Cadena De Valor Del Transporte,1,0,1,0,0,0,2003
Soluciones Innovadoras En Tecnología Empresarial S.A.S.,1,0,1,0,0,0,2003
Sindicato Empresarial Colombiano Sas,1,0,0,0,0,1,2018
Reconoser Id Sas,1,0,0,0,0,1,2020
Centro De Desarrollo Tecnologico E Innovacion En Tic S.A.S.,1,0,0,0,0,1,2018
"Unesco: Organización De Las Naciones Unidas Para La Educación, La Ciencia Y",1,0,0,0,1,0,2016
"Centro De Investigación Científica, Empresarial Y Tecnológica De Colombia S .A.S",1,0,0,1,0,0,2017
Escuela De Artillería General Carlos Julio Gil Colorado,1,0,0,0,1,0,2008
Think Link S.A.S,1,0,0,0,0,1,2019
Estrategia & Decision S.A.S,1,0,0,0,0,1,2014
Camara De Comercio De Tuluá,1,0,0,0,0,1,2002
Ministerio De Justicia Y Del Derecho - Minjusticia,1,0,0,0,0,1,2015
Gencell Pharma Sas,1,0,0,0,0,1,2019
Asoclinic,1,0,0,0,0,1,2000
Centro De Investigación Científica Caucaseco,1,0,0,0,0,1,2010
Carvajal Laboratorio Ips.,1,0,0,0,0,1,2020
Operation Research For Smart Cities S.A.S.,1,0,1,0,0,0,2003
Laboratorio De Investigacion Y Desarrollo De Tolu S.A.S,1,0,0,0,0,1,2020
Fundacion Terrazul Centro De Desarrollo Tecnologico,1,1,0,0,0,0,2011
Ong Grupo Planeta Verde,1,0,0,1,0,0,2009
Ingeos Sas,1,0,0,1,0,0,2002
Alsec S.A.,1,0,0,0,1,0,1994
"Asa Ingenieria Ltda Agua,Suelo Y Aire Ingenieria Especializada",1,0,0,1,0,0,2005
Centro De Comercio Industria Y Turismo Sena Regional Cordoba,1,0,0,0,0,1,2014
"Universidad Interamericana De Puerto Rico, San Juan-Puerto Rico",1,1,0,0,0,0,2000
Fundación Mentes En Transición,1,0,1,0,0,0,2010
Fundación Estación Biológica Guayacanal,1,0,0,0,0,1,2013
Empresa De Obras Sanitarias De Pasto,1,0,0,1,0,0,2005
Fundacion Universitaria Comfenalco Santander,1,0,0,0,0,1,2019
"Fundacion Para El Desarrollo Cultural, Empresarial, Educativo, Humano E Historico De Colombia ¿Creamos Colombia¿",1,0,0,0,0,1,2018
Innovscience Research Group S.A.S.,1,0,0,0,1,0,2017
Robótica Del Caribe S.A.S.,1,0,0,0,1,0,2016
Aiesec En Colombia,1,0,0,0,1,0,2016
Kcumen Digital Sas.,1,0,0,0,1,0,2008
Centro De Logistica Y Promocion Ecoturistica Del Magdalena - Sena,1,0,0,0,1,0,2014
Dirección Seccional De Salud De Antioquia,1,0,1,0,0,0,1989
Organizacion De Estados Iberoamericanos Oei,1,0,0,0,1,0,2015
